--
-- File generated with SQLiteStudio v3.4.4 on Âò íîÿ 19 06:47:26 2024
--
-- Text encoding used: System
--
PRAGMA foreign_keys = off;
BEGIN TRANSACTION;

-- Table: background
CREATE TABLE IF NOT EXISTS background (pk_background INTEGER PRIMARY KEY AUTOINCREMENT, "place of birth" TEXT, event_1 TEXT, event_2 TEXT, person_1 TEXT, person_2 TEXT, fk_director REFERENCES person (pk_person) MATCH SIMPLE);
INSERT INTO background (pk_background, "place of birth", event_1, event_2, person_1, person_2, fk_director) VALUES (1, 'Rostov-na-Donu, Russia', 'Collapse of the Soviet Union', '7th studio case', 'Alla Demidova', 'Oleg Tabakov', 1);
INSERT INTO background (pk_background, "place of birth", event_1, event_2, person_1, person_2, fk_director) VALUES (2, 'Moscow, Russia', 'Soviet Union pressure', NULL, 'Oleg Yefremov', 'Anatolii Efros', 2);
INSERT INTO background (pk_background, "place of birth", event_1, event_2, person_1, person_2, fk_director) VALUES (3, 'Saint-Peterburg, Russia', 'Perestroika', 'Soviet theater collapse', 'Lev Dodin', 'Yuri Lyubimov', 3);
INSERT INTO background (pk_background, "place of birth", event_1, event_2, person_1, person_2, fk_director) VALUES (4, 'Paris, France', 'May'' 68 protests', 'French theater reform', 'Jean-Louis Barrault', 'Peter Brook', 4);
INSERT INTO background (pk_background, "place of birth", event_1, event_2, person_1, person_2, fk_director) VALUES (5, 'Erlenbach, Switzerland', 'Swiss avant-garde theater rise', NULL, 'Klaus Michael Gruber', 'Maurice Maeterlinck', 5);
INSERT INTO background (pk_background, "place of birth", event_1, event_2, person_1, person_2, fk_director) VALUES (6, 'Panevezys, Lithuania', 'Fall of the Soviet Union', 'Lithuanian independence', 'Vaclovas Maksvytis', 'Gintaras Varnas', 6);
INSERT INTO background (pk_background, "place of birth", event_1, event_2, person_1, person_2, fk_director) VALUES (7, 'East Berlin, Germany', 'Fall of the Berlin Wall', 'post-1989 theater shift', 'Heiner Muller', 'Bertolt Brecht', 7);
INSERT INTO background (pk_background, "place of birth", event_1, event_2, person_1, person_2, fk_director) VALUES (8, 'Warsaw, Poland', 'Soviet Union occupation', 'Poland''s shift to democracy post-1989', 'Jerzy Grotowski', 'Krystian Lupa', 8);
INSERT INTO background (pk_background, "place of birth", event_1, event_2, person_1, person_2, fk_director) VALUES (9, 'Neustadt, Germany', 'Fall of the Berlin Wall', 'Post-WWII theater renaissance in Germany', 'Peter Brook', 'Bertolt Brecht', 9);
INSERT INTO background (pk_background, "place of birth", event_1, event_2, person_1, person_2, fk_director) VALUES (10, 'Brussels, Belgium', 'European avant-garde', 'decline of classic theater', 'Jan Fabre', 'Wim Vandekeybus', 10);
INSERT INTO background (pk_background, "place of birth", event_1, event_2, person_1, person_2, fk_director) VALUES (11, 'Antwerp, Belgium', 'Belgian performance art scene', NULL, 'Robert Wilson', 'Anne Teresa De Keersmaeker', 11);
INSERT INTO background (pk_background, "place of birth", event_1, event_2, person_1, person_2, fk_director) VALUES (12, 'London, UK', 'Feminist theater wave', 'new direction in directing', 'Richard Eyre', 'Deborah Warner', 12);
INSERT INTO background (pk_background, "place of birth", event_1, event_2, person_1, person_2, fk_director) VALUES (13, 'Wroclaw, Poland', 'Soviet Union occupation', 'Polish theater transformation post-1989', 'Jerzy Grotowski', 'Tadeusz Kantor', 13);
INSERT INTO background (pk_background, "place of birth", event_1, event_2, person_1, person_2, fk_director) VALUES (14, 'Warsaw, Poland', 'Post-communist transition in Poland', 'polish complex', 'Jerzy Grotowski', 'Krystian Lupa', 14);
INSERT INTO background (pk_background, "place of birth", event_1, event_2, person_1, person_2, fk_director) VALUES (15, 'Lommel, Belgium', 'Belgian theater reform', 'heater as emotional exploration', 'Jan Fabre', 'Robert Wilson', 15);
INSERT INTO background (pk_background, "place of birth", event_1, event_2, person_1, person_2, fk_director) VALUES (16, 'Ljubljana, Slovenia', 'Post-communist Slovenian theater expansion', NULL, 'Jerzy Grotowski', 'Peter Brook', 16);
INSERT INTO background (pk_background, "place of birth", event_1, event_2, person_1, person_2, fk_director) VALUES (17, 'Frankfurt, Germany', 'Post-WWII theater renaissance in Germany', 'Fall of the Berlin Wall', 'Frank Castorf', 'Peter Stein', 17);
INSERT INTO background (pk_background, "place of birth", event_1, event_2, person_1, person_2, fk_director) VALUES (18, 'Bern, Switzerland', 'European contemporary theater expansion', NULL, 'Thomas Ostermeier', 'Rene Pollesch', 18);
INSERT INTO background (pk_background, "place of birth", event_1, event_2, person_1, person_2, fk_director) VALUES (19, 'Paris, France', 'French experimental theater wave', NULL, 'Ariane Mnouchkine', 'Peter Brook', 19);
INSERT INTO background (pk_background, "place of birth", event_1, event_2, person_1, person_2, fk_director) VALUES (20, 'Berlin, Germany', 'Post-WWII German theater revival', 'Fall of the Berlin Wall', 'Erwin Piscator', 'Bertolt Brecht', 20);
INSERT INTO background (pk_background, "place of birth", event_1, event_2, person_1, person_2, fk_director) VALUES (21, 'Cesena, Italy', 'Italian postmodern theater revolution', NULL, 'Eugenio Barba', 'Robert Wilson', 21);
INSERT INTO background (pk_background, "place of birth", event_1, event_2, person_1, person_2, fk_director) VALUES (22, 'London, UK', 'European experimental theater renaissance', NULL, 'Complicite Ensemble', 'Peter Brook', 22);
INSERT INTO background (pk_background, "place of birth", event_1, event_2, person_1, person_2, fk_director) VALUES (23, 'Athens, Greece', 'Greek theater revival through physical performance', NULL, 'Antonin Artaud', 'Eugenio Barba', 23);
INSERT INTO background (pk_background, "place of birth", event_1, event_2, person_1, person_2, fk_director) VALUES (24, 'Berlin, Germany', 'German reunification', ' European contemporary theater', 'Frank Castorf', 'Peter Stein', 24);

-- Table: concept
CREATE TABLE IF NOT EXISTS concept (pk_concept INTEGER PRIMARY KEY AUTOINCREMENT, issue TEXT, approach TEXT, feature TEXT, fk_director REFERENCES person (pk_person) MATCH SIMPLE);
INSERT INTO concept (pk_concept, issue, approach, feature, fk_director) VALUES (1, 'Censorship and social criticism', 'Provocative reinterpretation of classics, multimedia integration', 'Politically charged, contemporary style', 1);
INSERT INTO concept (pk_concept, issue, approach, feature, fk_director) VALUES (2, 'Spirituality and the metaphysical', 'Experimental, philosophical exploration in theater', 'Minimalist staging; psychological insight', 2);
INSERT INTO concept (pk_concept, issue, approach, feature, fk_director) VALUES (3, 'Intense emotional landscapes', 'Physical, visceral performances, psychological depth', 'Hyper-realism; intense emotional portrayal', 3);
INSERT INTO concept (pk_concept, issue, approach, feature, fk_director) VALUES (4, 'Multiculturalism and inclusivity', 'Ensemble-based, incorporating diverse world traditions', 'Epic narratives; strong visual symbolism', 4);
INSERT INTO concept (pk_concept, issue, approach, feature, fk_director) VALUES (5, 'Absurdity and the mundane', 'Musical-textual integration, slow pacing', 'Music-theater blend; dark humor', 5);
INSERT INTO concept (pk_concept, issue, approach, feature, fk_director) VALUES (6, 'Existential themes, Lithuanian heritage', 'Visual, symbolic storytelling, minimalist effects', 'Poetic imagery; raw, elemental staging', 6);
INSERT INTO concept (pk_concept, issue, approach, feature, fk_director) VALUES (7, 'Social critique, deconstruction', 'Bold, non-linear reinterpretations of classic texts', 'Strong visuals; socio-political focus', 7);
INSERT INTO concept (pk_concept, issue, approach, feature, fk_director) VALUES (8, 'Modern societal conflicts', 'Cinematic techniques, multimedia use', 'Futuristic visuals; bold audiovisuals', 8);
INSERT INTO concept (pk_concept, issue, approach, feature, fk_director) VALUES (9, 'Interdisciplinary art and sound', 'Blends music, performance, installation art', 'Audio-visual richness; unconventional narratives', 9);
INSERT INTO concept (pk_concept, issue, approach, feature, fk_director) VALUES (10, 'Power dynamics, human relationships', 'Direct, modern aesthetics', 'Minimalistic set; emotional realism', 10);
INSERT INTO concept (pk_concept, issue, approach, feature, fk_director) VALUES (11, 'Body, violence, and ritual', 'Performance art, blending visual art and theater', 'Physical extremity; strong visual metaphors', 11);
INSERT INTO concept (pk_concept, issue, approach, feature, fk_director) VALUES (12, 'Female perspective, environmental themes', 'Cinematic realism, technological integration', 'Realistic details; feminist themes', 12);
INSERT INTO concept (pk_concept, issue, approach, feature, fk_director) VALUES (13, 'Trauma, identity, and history', 'Blending classic texts with modern references', 'Provocative reinterpretations; visual symbolism', 14);
INSERT INTO concept (pk_concept, issue, approach, feature, fk_director) VALUES (14, 'Human nature and vulnerability', 'Minimalism, psychological focus', 'Sparse staging; intense actor engagement', 15);
INSERT INTO concept (pk_concept, issue, approach, feature, fk_director) VALUES (15, 'Authority and violence', 'Dark, often brutal imagery', 'Bold, intense themes; stark aesthetic', 16);
INSERT INTO concept (pk_concept, issue, approach, feature, fk_director) VALUES (16, 'Emotional rawness, classical tragedies', 'Stripped-down, visually stark staging', 'Focus on actor’s physicality; high emotional impact', 17);
INSERT INTO concept (pk_concept, issue, approach, feature, fk_director) VALUES (17, 'Human rights, social justice', 'Documentary-style theater with real-life subjects', 'Realism; provocative and political themes', 18);
INSERT INTO concept (pk_concept, issue, approach, feature, fk_director) VALUES (18, 'Inner lives and existential questions', 'Slow-paced, psychological dissection of characters', 'Detailed set design; intense character focus', 13);
INSERT INTO concept (pk_concept, issue, approach, feature, fk_director) VALUES (19, 'Faith, politics, and human suffering', 'Poetic language, operatic themes', 'Symbolic staging; mix of comedy and tragedy', 19);
INSERT INTO concept (pk_concept, issue, approach, feature, fk_director) VALUES (20, 'Faithfulness to classical texts', 'Detailed, traditional approach to texts', 'Detailed, traditional approach to texts', 20);
INSERT INTO concept (pk_concept, issue, approach, feature, fk_director) VALUES (21, 'Human body, existential questions', 'Experimental, visual language rooted in classical and religious themes', 'Strong visual and symbolic elements', 21);
INSERT INTO concept (pk_concept, issue, approach, feature, fk_director) VALUES (22, 'Memory, perception, and reality', 'Technology-heavy, interactive storytelling', 'Audio-visual complexity; immersive experiences', 22);
INSERT INTO concept (pk_concept, issue, approach, feature, fk_director) VALUES (23, 'Body, myth, and ritual', 'Emphasis on actor’s physicality, inspired by Greek tragedy', 'Ritualistic, stylized performances', 23);
INSERT INTO concept (pk_concept, issue, approach, feature, fk_director) VALUES (24, 'Social issues, realism', 'Contemporary, socially engaged theater, focus on realism', 'Gritty realism; modern staging techniques', 24);

-- Table: event
CREATE TABLE IF NOT EXISTS event (pk_event INTEGER PRIMARY KEY AUTOINCREMENT, name TEXT, date TEXT, type TEXT);
INSERT INTO event (pk_event, name, date, type) VALUES (1, 'Y2K Millennium Bug Resolution', '2000', 'Technology Crisis');
INSERT INTO event (pk_event, name, date, type) VALUES (2, 'September 11 Attacks', '2001', 'Terrorism');
INSERT INTO event (pk_event, name, date, type) VALUES (3, 'War in Afghanistan', '2001', 'War');
INSERT INTO event (pk_event, name, date, type) VALUES (4, 'Adoption of Euro Currency', '2002', 'Economy');
INSERT INTO event (pk_event, name, date, type) VALUES (5, 'SARS Outbreak', '2003', 'Health crisis');
INSERT INTO event (pk_event, name, date, type) VALUES (6, 'U.S. Invasion of Iraq', '2003', 'War');
INSERT INTO event (pk_event, name, date, type) VALUES (7, 'London Bombings', '2005', 'terrorism');
INSERT INTO event (pk_event, name, date, type) VALUES (8, 'Global Financial Crisis', '2008', 'Economy');
INSERT INTO event (pk_event, name, date, type) VALUES (9, 'Election of Barack Obama', '2008', 'Political');
INSERT INTO event (pk_event, name, date, type) VALUES (10, 'Arab Spring', '2012', 'Political');
INSERT INTO event (pk_event, name, date, type) VALUES (11, 'Syrian Civil War', '2011', 'War');
INSERT INTO event (pk_event, name, date, type) VALUES (12, 'Fukushima Nuclear Disaster', '2011', 'Envieronmental');
INSERT INTO event (pk_event, name, date, type) VALUES (13, 'Black Lives Matter Movement Began', '2013', 'Social movment');
INSERT INTO event (pk_event, name, date, type) VALUES (14, 'Crimea Annexation by Russia', '2014', 'Political');
INSERT INTO event (pk_event, name, date, type) VALUES (15, 'Brexit Referendum', '2016', 'Political');
INSERT INTO event (pk_event, name, date, type) VALUES (16, 'U.S. Presidential Election (Trump)', '2016', 'Political');
INSERT INTO event (pk_event, name, date, type) VALUES (17, '#MeToo Movement', '2017', 'Social Movement');
INSERT INTO event (pk_event, name, date, type) VALUES (18, 'North Korea-U.S. Summit', '2018', 'Diplomatic');
INSERT INTO event (pk_event, name, date, type) VALUES (19, 'Notre Dame Cathedral Fire', '2019', 'Cultural');
INSERT INTO event (pk_event, name, date, type) VALUES (20, 'COVID-19 Pandemic', '2020', 'Health crisis');
INSERT INTO event (pk_event, name, date, type) VALUES (21, 'Vladimir Putin Elected as President', '2000', 'Political');
INSERT INTO event (pk_event, name, date, type) VALUES (22, 'Kursk Submarine Disaster', '2000', 'Military Crisis');
INSERT INTO event (pk_event, name, date, type) VALUES (23, 'Moscow Theater Hostage Crisis', '2002', 'Terrorism');
INSERT INTO event (pk_event, name, date, type) VALUES (24, 'Russia Joins World Trade Organization', '2012', 'Political');
INSERT INTO event (pk_event, name, date, type) VALUES (25, 'Moscow Metro Bombings', '2010', 'Terrorism');
INSERT INTO event (pk_event, name, date, type) VALUES (26, 'Imposition of Western Sanctions on Russia', '2014', 'Economic');
INSERT INTO event (pk_event, name, date, type) VALUES (27, 'Downing of Malaysia Airlines Flight MH17', '2014', 'International Incident');
INSERT INTO event (pk_event, name, date, type) VALUES (28, 'Russian Military Involvement in Syria', '2015', 'Military');
INSERT INTO event (pk_event, name, date, type) VALUES (29, 'Murder of Boris Nemtsov', '2015', 'Political');
INSERT INTO event (pk_event, name, date, type) VALUES (30, 'Russian Constitutional Referendum', '2020', 'Political');
INSERT INTO event (pk_event, name, date, type) VALUES (31, 'Bundestag Elections, Gerhard Schroder Re-elected', '2002', 'Political');
INSERT INTO event (pk_event, name, date, type) VALUES (32, 'German Federal Election, Merkel Elected as Chancellor', '2005', 'Political');
INSERT INTO event (pk_event, name, date, type) VALUES (33, 'Merkel Re-elected as Chancellor', '2009', 'Political');
INSERT INTO event (pk_event, name, date, type) VALUES (34, 'Germanwings Flight 9525 Crash', '2015', 'International Incident');
INSERT INTO event (pk_event, name, date, type) VALUES (35, 'Refugee Crisis, Germany Opens Borders', '2015', 'Social');
INSERT INTO event (pk_event, name, date, type) VALUES (36, 'Berlin Christmas Market Attack', '2016', 'Terrorism');
INSERT INTO event (pk_event, name, date, type) VALUES (37, 'Bundestag Election, Merkel''s Fourth Term', '2017', 'Political');
INSERT INTO event (pk_event, name, date, type) VALUES (38, 'Diesel Emissions Scandal ("Dieselgate")', '2015', 'Economic');
INSERT INTO event (pk_event, name, date, type) VALUES (39, 'Same-Sex Marriage Legalized', '2017', 'Social');
INSERT INTO event (pk_event, name, date, type) VALUES (40, 'Wirecard Financial Scandal', '2020', 'Economic');
INSERT INTO event (pk_event, name, date, type) VALUES (41, 'Angela Merkel Announces Exit from Politics', '2020', 'Political');
INSERT INTO event (pk_event, name, date, type) VALUES (42, 'Poland Joins NATO', '1999', 'International');
INSERT INTO event (pk_event, name, date, type) VALUES (43, 'Poland Joins the European Union', '2004', 'International');
INSERT INTO event (pk_event, name, date, type) VALUES (44, 'Polish Presidential Election (Lech Kaczynski Elected)', '2005', 'Political');
INSERT INTO event (pk_event, name, date, type) VALUES (45, 'Smolensk Air Disaster', '2010', 'National tradegy');
INSERT INTO event (pk_event, name, date, type) VALUES (46, 'Presidential Election, Andrzej Duda Elected', '2015', 'Political');
INSERT INTO event (pk_event, name, date, type) VALUES (47, 'Polish Constitutional Crisis Begins', '2015', 'Political');
INSERT INTO event (pk_event, name, date, type) VALUES (48, 'Black Protest Against Abortion Ban', '2016', 'Social movement');
INSERT INTO event (pk_event, name, date, type) VALUES (49, 'Poland’s Judiciary Reforms Spark EU Action', '2017', 'Political');
INSERT INTO event (pk_event, name, date, type) VALUES (50, 'Presidential Election, Andrzej Duda Re-elected', '2020', 'Political');
INSERT INTO event (pk_event, name, date, type) VALUES (51, 'Russian Revolution', '1917', 'Political');
INSERT INTO event (pk_event, name, date, type) VALUES (52, 'Treaty of Versailles', '1919', 'Political');
INSERT INTO event (pk_event, name, date, type) VALUES (53, 'Great Depression', '1929-1930', 'Economic');
INSERT INTO event (pk_event, name, date, type) VALUES (54, 'World War II', '1939-1945', 'War');
INSERT INTO event (pk_event, name, date, type) VALUES (55, 'United Nations Founded', '1945', 'Political');
INSERT INTO event (pk_event, name, date, type) VALUES (56, 'Beginning of Cold War', '1947', 'Political');
INSERT INTO event (pk_event, name, date, type) VALUES (57, 'Vietnam War', '1955-1975', 'War');
INSERT INTO event (pk_event, name, date, type) VALUES (58, 'Sputnik Launched', '1957', 'Technological');
INSERT INTO event (pk_event, name, date, type) VALUES (59, 'Moon Landing', '1969', 'Technological');
INSERT INTO event (pk_event, name, date, type) VALUES (60, 'Fall of the Berlin Wall', '1989', 'Political');
INSERT INTO event (pk_event, name, date, type) VALUES (61, 'Dissolution of the USSR', '1991', 'Political');

-- Table: organization
CREATE TABLE IF NOT EXISTS organization (pk_organization INTEGER PRIMARY KEY AUTOINCREMENT, type TEXT, place TEXT, feature TEXT, name TEXT);
INSERT INTO organization (pk_organization, type, place, feature, name) VALUES (1, 'Theatre', 'Moscow', 'famous', 'Moscow Art Theater named after A.P. Chekhov');
INSERT INTO organization (pk_organization, type, place, feature, name) VALUES (2, 'Theatre', 'Moscow', 'Serebrennikov''s theatre', 'Gogol Center');
INSERT INTO organization (pk_organization, type, place, feature, name) VALUES (3, 'Theatre', 'Riga', NULL, 'Latvian National Theater');
INSERT INTO organization (pk_organization, type, place, feature, name) VALUES (4, 'Theatre', 'Moscow', NULL, 'Pushkin Theater');
INSERT INTO organization (pk_organization, type, place, feature, name) VALUES (5, 'Theatre', 'Moscow', NULL, 'Sovremennik Theatre');
INSERT INTO organization (pk_organization, type, place, feature, name) VALUES (6, 'Theatre', 'Moscow', NULL, 'Center for Playwrights and Directors under Kazantsev and Roshchin');
INSERT INTO organization (pk_organization, type, place, feature, name) VALUES (7, 'Company', 'Moscow', NULL, 'Theatrical Association 814');
INSERT INTO organization (pk_organization, type, place, feature, name) VALUES (8, 'Festival', 'Avignon', 'famous', 'Avignon Festival');
INSERT INTO organization (pk_organization, type, place, feature, name) VALUES (9, 'Theatre', 'Moscow', NULL, 'Theatre of Nation');
INSERT INTO organization (pk_organization, type, place, feature, name) VALUES (10, 'Theatre', 'Moscow', NULL, 'Theatre by Oleg Tabakov');
INSERT INTO organization (pk_organization, type, place, feature, name) VALUES (11, 'Company', 'Moscow', 'Serebrennikov''s students', '7th studio');
INSERT INTO organization (pk_organization, type, place, feature, name) VALUES (12, 'Theatre', 'Moscow', 'Vasiliev''s project', 'School of Dramatic Art');
INSERT INTO organization (pk_organization, type, place, feature, name) VALUES (13, 'Theatre', 'Paris', NULL, 'Theatre du Soleil');
INSERT INTO organization (pk_organization, type, place, feature, name) VALUES (14, 'Theatre', 'Paris', NULL, 'Odeon-Theatre de l''Europe');
INSERT INTO organization (pk_organization, type, place, feature, name) VALUES (15, 'Theatre', 'Epidaurus', NULL, 'Epidaurus Ancient Theatre');
INSERT INTO organization (pk_organization, type, place, feature, name) VALUES (16, 'Theatre', 'Kaposvar', NULL, 'Kaposvar Theatre');
INSERT INTO organization (pk_organization, type, place, feature, name) VALUES (17, 'Theatre', 'Moscow', NULL, 'Moscow Taganka Theatre');
INSERT INTO organization (pk_organization, type, place, feature, name) VALUES (18, 'Theatre', 'Budapest', NULL, 'National Theatre of Hungary');
INSERT INTO organization (pk_organization, type, place, feature, name) VALUES (19, 'Theatre', 'Paris', NULL, 'Comedie-Francaise');
INSERT INTO organization (pk_organization, type, place, feature, name) VALUES (20, 'Theatre', 'Saint-Petesburg', NULL, 'Baltic House Theater');
INSERT INTO organization (pk_organization, type, place, feature, name) VALUES (21, 'Foundation', 'Kyev', NULL, 'Charity Producer’s Foundation');
INSERT INTO organization (pk_organization, type, place, feature, name) VALUES (22, 'Theatre', 'Sibiu', NULL, 'Teatrului National Radu Stanca');
INSERT INTO organization (pk_organization, type, place, feature, name) VALUES (23, 'Theatre', 'Cherkasy', NULL, 'Ukrainian Dramatic Theater');
INSERT INTO organization (pk_organization, type, place, feature, name) VALUES (24, 'Theatre', 'Kharkiv', NULL, 'Shevchenko Drama Theater');
INSERT INTO organization (pk_organization, type, place, feature, name) VALUES (25, 'Theatre', 'Berlin', NULL, 'Volksbuhne am Rosa Luxemburg Platz');
INSERT INTO organization (pk_organization, type, place, feature, name) VALUES (26, 'Theatre', 'Luzern', NULL, 'Luzerner Theatre');
INSERT INTO organization (pk_organization, type, place, feature, name) VALUES (27, 'Theatre', 'Moscow', NULL, 'School of Modern Drama');
INSERT INTO organization (pk_organization, type, place, feature, name) VALUES (28, 'Theatre', 'Cherkasy', NULL, 'Shevchenko Regional Theater');
INSERT INTO organization (pk_organization, type, place, feature, name) VALUES (29, 'Theatre', 'Oberhausen', NULL, 'Schauspielhaus Oberhausen');
INSERT INTO organization (pk_organization, type, place, feature, name) VALUES (30, 'Theatre', 'Turku', NULL, 'Turku City Theatre');
INSERT INTO organization (pk_organization, type, place, feature, name) VALUES (31, 'Theatre', 'Uppsala', NULL, 'Uppsala Stadsteater');
INSERT INTO organization (pk_organization, type, place, feature, name) VALUES (32, 'Theatre', 'Helsinki', NULL, 'Klockrikke Theatre');
INSERT INTO organization (pk_organization, type, place, feature, name) VALUES (33, 'Theatre', 'Saint-Petesburg', NULL, 'Mikhailovsky Theatre');
INSERT INTO organization (pk_organization, type, place, feature, name) VALUES (34, 'Festival', 'Savonlinna', NULL, 'Savonlinna Opera Festival');
INSERT INTO organization (pk_organization, type, place, feature, name) VALUES (35, 'Theatre', 'Saint-Petesburg', NULL, 'Russian Entreprise Theater');
INSERT INTO organization (pk_organization, type, place, feature, name) VALUES (36, 'Theatre', 'Giessen', NULL, 'Stadttheater Giessen');
INSERT INTO organization (pk_organization, type, place, feature, name) VALUES (37, 'Theatre', 'Skopje', NULL, 'National Theatre Macedonia');
INSERT INTO organization (pk_organization, type, place, feature, name) VALUES (38, 'Theatre', 'Saint-Petesburg', NULL, 'Bolshoi Drama Theatre');
INSERT INTO organization (pk_organization, type, place, feature, name) VALUES (39, 'Theatre', 'Saint-Petesburg', NULL, 'Alexandrinsky Theatre');
INSERT INTO organization (pk_organization, type, place, feature, name) VALUES (40, 'Theatre', 'Zurich', NULL, 'Schauspielhaus Zurich');
INSERT INTO organization (pk_organization, type, place, feature, name) VALUES (41, 'Theatre', 'Berlin', NULL, 'Volksbuhne Berlin');
INSERT INTO organization (pk_organization, type, place, feature, name) VALUES (42, 'Theatre', 'Munich', NULL, 'Munchner Kammerspiele');
INSERT INTO organization (pk_organization, type, place, feature, name) VALUES (43, 'Theatre', 'Gent', NULL, 'Nederlands Theatre(NT)');
INSERT INTO organization (pk_organization, type, place, feature, name) VALUES (44, 'Theatre', 'Brussel', NULL, 'KunstenfestivaldesArts');
INSERT INTO organization (pk_organization, type, place, feature, name) VALUES (45, 'Festival', 'Vienna', NULL, 'Vienna Festival');
INSERT INTO organization (pk_organization, type, place, feature, name) VALUES (46, 'Festival', 'Salzburg', NULL, 'Salzburg Festival');
INSERT INTO organization (pk_organization, type, place, feature, name) VALUES (47, 'Theatre', 'Basel', NULL, 'Theater Basel');
INSERT INTO organization (pk_organization, type, place, feature, name) VALUES (48, 'Theatre', 'Hamburg', NULL, 'Deutsches Schauspielhaus');
INSERT INTO organization (pk_organization, type, place, feature, name) VALUES (49, 'Theatre', 'Laussane', NULL, 'Theatre Vidy');
INSERT INTO organization (pk_organization, type, place, feature, name) VALUES (50, 'Festival', 'Ruhr', NULL, 'Ruhrtriennale');
INSERT INTO organization (pk_organization, type, place, feature, name) VALUES (51, 'Theatre', 'Vilnius', NULL, 'Meno Fortas');
INSERT INTO organization (pk_organization, type, place, feature, name) VALUES (52, 'Theatre', 'Prato', NULL, 'Teatro Metastasio');
INSERT INTO organization (pk_organization, type, place, feature, name) VALUES (53, 'Theatre', 'Rome', NULL, 'Teatro Argentino');
INSERT INTO organization (pk_organization, type, place, feature, name) VALUES (54, 'Theatre', 'Modena', NULL, 'Storky Theater');
INSERT INTO organization (pk_organization, type, place, feature, name) VALUES (55, 'Festival', 'Moscow', NULL, 'Stanislavsky Fondation');
INSERT INTO organization (pk_organization, type, place, feature, name) VALUES (56, 'Theatre', 'Zagreb', NULL, 'Croatian National Theater');
INSERT INTO organization (pk_organization, type, place, feature, name) VALUES (57, 'Theatre', 'Vilnius', NULL, 'National Theater of Lithuania');
INSERT INTO organization (pk_organization, type, place, feature, name) VALUES (58, 'Theatre', 'Vienne', NULL, 'Burgtheater');
INSERT INTO organization (pk_organization, type, place, feature, name) VALUES (59, 'Theatre', 'Munich', NULL, 'Residenztheater');
INSERT INTO organization (pk_organization, type, place, feature, name) VALUES (60, 'Theatre', 'Munich', NULL, 'Wiener Festwochen');
INSERT INTO organization (pk_organization, type, place, feature, name) VALUES (61, 'Theatre', 'Warsaw', NULL, 'Teatr Rozmaitosci');
INSERT INTO organization (pk_organization, type, place, feature, name) VALUES (62, 'Theatre', 'Dusseldorf', NULL, 'Schauspielhaus');
INSERT INTO organization (pk_organization, type, place, feature, name) VALUES (63, 'Theatre', 'Berlin', NULL, 'Schaubuhne');
INSERT INTO organization (pk_organization, type, place, feature, name) VALUES (64, 'Theatre', 'Warsaw', 'new version of 61', 'TR');
INSERT INTO organization (pk_organization, type, place, feature, name) VALUES (65, 'Theatre', 'Poznan', NULL, 'Teatr Wielki');
INSERT INTO organization (pk_organization, type, place, feature, name) VALUES (66, 'Theatre', 'Amsterdam', NULL, 'Toneelgroep');
INSERT INTO organization (pk_organization, type, place, feature, name) VALUES (67, 'Theatre', 'Warsaw', NULL, 'Teatr Narodowy');
INSERT INTO organization (pk_organization, type, place, feature, name) VALUES (68, 'Theatre', 'London', NULL, 'Noel Coward Theatre');
INSERT INTO organization (pk_organization, type, place, feature, name) VALUES (69, 'Theatre', 'New York', NULL, 'Brooklyn Academy of Music');
INSERT INTO organization (pk_organization, type, place, feature, name) VALUES (70, 'Theatre', 'London', NULL, 'Barbican');
INSERT INTO organization (pk_organization, type, place, feature, name) VALUES (71, 'Theatre', 'London', NULL, 'Royal National Theatre');
INSERT INTO organization (pk_organization, type, place, feature, name) VALUES (72, 'Theatre', 'New York', NULL, 'New York Theatre Workshop');
INSERT INTO organization (pk_organization, type, place, feature, name) VALUES (73, 'Theatre', 'Various', NULL, 'Theater der Welt');
INSERT INTO organization (pk_organization, type, place, feature, name) VALUES (74, 'Theatre', 'London', NULL, 'Young Vic');
INSERT INTO organization (pk_organization, type, place, feature, name) VALUES (75, 'Theatre', 'Antwerp', NULL, 'Troubleyn');

-- Table: person
CREATE TABLE IF NOT EXISTS person (pk_person INTEGER PRIMARY KEY AUTOINCREMENT, full_name TEXT, gender TEXT, "bitrh_year " INTEGER, country TEXT);
INSERT INTO person (pk_person, full_name, gender, "bitrh_year ", country) VALUES (1, 'Kirill Serebrennikov', 'm', 1969, 'Russia');
INSERT INTO person (pk_person, full_name, gender, "bitrh_year ", country) VALUES (2, 'Anatolii Vasiliev', 'm', 1942, 'Russia');
INSERT INTO person (pk_person, full_name, gender, "bitrh_year ", country) VALUES (3, 'Andrey Zholdak', 'm', 1962, 'Ukraine');
INSERT INTO person (pk_person, full_name, gender, "bitrh_year ", country) VALUES (4, 'Ariane Mnouchkine', 'f', 1939, 'France');
INSERT INTO person (pk_person, full_name, gender, "bitrh_year ", country) VALUES (5, 'Christoph Marthaler', 'm', 1951, 'Switzerland');
INSERT INTO person (pk_person, full_name, gender, "bitrh_year ", country) VALUES (6, 'Eimunras Eimuntas Nekrosius', 'm', 1952, 'Lithuania');
INSERT INTO person (pk_person, full_name, gender, "bitrh_year ", country) VALUES (7, 'Frank Castorf', 'm', 1951, 'Germany');
INSERT INTO person (pk_person, full_name, gender, "bitrh_year ", country) VALUES (8, 'Grzegorz Jarzyna', 'm', 1968, 'Poland');
INSERT INTO person (pk_person, full_name, gender, "bitrh_year ", country) VALUES (9, 'Heiner Goebbels', 'm', 1952, 'Germany');
INSERT INTO person (pk_person, full_name, gender, "bitrh_year ", country) VALUES (10, 'Ivo van Hove', 'm', 1958, 'Belgium');
INSERT INTO person (pk_person, full_name, gender, "bitrh_year ", country) VALUES (11, 'Jan Fabre', 'm', 1958, 'Belgium');
INSERT INTO person (pk_person, full_name, gender, "bitrh_year ", country) VALUES (12, 'Katie Mitchell', 'f', 1964, 'United Kingdom');
INSERT INTO person (pk_person, full_name, gender, "bitrh_year ", country) VALUES (13, 'Krystian Lupa', 'm', 1943, 'Poland');
INSERT INTO person (pk_person, full_name, gender, "bitrh_year ", country) VALUES (14, 'Krzysztof Warlikowski', 'm', 1962, 'Poland');
INSERT INTO person (pk_person, full_name, gender, "bitrh_year ", country) VALUES (15, 'Luk Perceval', 'm', 1957, 'Belgium');
INSERT INTO person (pk_person, full_name, gender, "bitrh_year ", country) VALUES (16, 'Martin Kusej', 'm', 1961, 'Austria');
INSERT INTO person (pk_person, full_name, gender, "bitrh_year ", country) VALUES (17, 'Michael Thalheimer', 'm', 1965, 'Germany');
INSERT INTO person (pk_person, full_name, gender, "bitrh_year ", country) VALUES (18, 'Milo Rau', 'm', 1977, 'Switzerland');
INSERT INTO person (pk_person, full_name, gender, "bitrh_year ", country) VALUES (19, 'Olivier Py', 'm', 1965, 'France');
INSERT INTO person (pk_person, full_name, gender, "bitrh_year ", country) VALUES (20, 'Peter Stein', 'm', 1937, 'Germany');
INSERT INTO person (pk_person, full_name, gender, "bitrh_year ", country) VALUES (21, 'Romeo Castellucci', 'm', 1960, 'Italy');
INSERT INTO person (pk_person, full_name, gender, "bitrh_year ", country) VALUES (22, 'Simon McBurny', 'm', 1957, 'United Kingdom');
INSERT INTO person (pk_person, full_name, gender, "bitrh_year ", country) VALUES (23, 'Theodoros Terzopoulos', 'm', 1947, 'Greece');
INSERT INTO person (pk_person, full_name, gender, "bitrh_year ", country) VALUES (24, 'Thomas Ostermeier', 'm', 1968, 'Germany');

-- Table: play
CREATE TABLE IF NOT EXISTS play (pk_play INTEGER PRIMARY KEY AUTOINCREMENT, title TEXT, autor TEXT, "year of publication" TEXT, country TEXT, genre TEXT);
INSERT INTO play (pk_play, title, autor, "year of publication", country, genre) VALUES (1, 'Terrorism', 'Presnyakov Brothers', '2002', 'Russia', 'drama');
INSERT INTO play (pk_play, title, autor, "year of publication", country, genre) VALUES (2, 'Playing a victim', 'Presnyakov Brothers', '2004', 'Russia', 'drama');
INSERT INTO play (pk_play, title, autor, "year of publication", country, genre) VALUES (3, 'The Philistines', 'Maxim Gorky', '1901', 'Russia', 'drama');
INSERT INTO play (pk_play, title, autor, "year of publication", country, genre) VALUES (4, 'The Forest', 'Alexander Ostrovsky', '1871', 'Russia', 'comedy');
INSERT INTO play (pk_play, title, autor, "year of publication", country, genre) VALUES (5, 'The Golovlyov Family', 'Mikhail Saltykov-Shchedrin', '1880', 'Russia', 'satirical drama');
INSERT INTO play (pk_play, title, autor, "year of publication", country, genre) VALUES (6, 'The Pillowman', 'Martin McDonagh', '2003', 'United Kingdom', 'darc comedy');
INSERT INTO play (pk_play, title, autor, "year of publication", country, genre) VALUES (7, 'Lieutenant Kizhe', 'Yuri Tynyanov', '1927', 'Soviet Union', 'satirical drama');
INSERT INTO play (pk_play, title, autor, "year of publication", country, genre) VALUES (8, 'The Threepenny Opera', 'Bertolt Brecht', '1928', 'Germany', 'musical drama');
INSERT INTO play (pk_play, title, autor, "year of publication", country, genre) VALUES (9, 'Zoyka’s Apartment', 'Mikhail Bulgakov', '1926', 'Soviet Union', 'satirical comedy');
INSERT INTO play (pk_play, title, autor, "year of publication", country, genre) VALUES (10, 'The Idiots', 'Lars von Trier', '1998', 'Denmark', 'drama');
INSERT INTO play (pk_play, title, autor, "year of publication", country, genre) VALUES (11, 'Spring Awakening', 'Frank Wedekind', '1891', 'German', 'musical drama');
INSERT INTO play (pk_play, title, autor, "year of publication", country, genre) VALUES (12, 'Metamorphoses', 'Ovid', '8 AD', 'Greece', 'mythological drama');
INSERT INTO play (pk_play, title, autor, "year of publication", country, genre) VALUES (13, 'Dead Souls', 'Nikolai Gogol ', '1842', 'Russia', 'satirical poem');
INSERT INTO play (pk_play, title, autor, "year of publication", country, genre) VALUES (14, 'Martyrer', 'Marius von Mayenburg', '2012', 'German', 'drama');
INSERT INTO play (pk_play, title, autor, "year of publication", country, genre) VALUES (15, 'An Ordinary Story', 'Ivan Goncharov', '1847', 'Russia', 'realistic drama');
INSERT INTO play (pk_play, title, autor, "year of publication", country, genre) VALUES (16, 'Who Lives Well in Russia', 'Nikolai Nekrasov', '1869-1877', 'Russia', 'epique poem');
INSERT INTO play (pk_play, title, autor, "year of publication", country, genre) VALUES (17, 'Muller Machine', 'Kirill Serebrennikov and Heiner Muller', '2016', 'Russia and German', 'experimental drama');
INSERT INTO play (pk_play, title, autor, "year of publication", country, genre) VALUES (18, 'Kafka', 'Valerii Pecheikin', '2016', 'Russia', 'experimental drama');
INSERT INTO play (pk_play, title, autor, "year of publication", country, genre) VALUES (19, 'Akhmatova: A Poem Without a Hero', 'Anna Akhmatova', '1940-1960s', 'Soviet Union', 'dramatic poem');
INSERT INTO play (pk_play, title, autor, "year of publication", country, genre) VALUES (20, 'Little Tragedies', 'Alexander Pushkin', '1830', 'Russia', 'tragic');
INSERT INTO play (pk_play, title, autor, "year of publication", country, genre) VALUES (21, 'Baroque', 'Kirill Serebrennikov', '2019', 'Russia', 'experimental drama');
INSERT INTO play (pk_play, title, autor, "year of publication", country, genre) VALUES (22, 'Hangmen', 'Martin McDonagh', '2015', 'United Kingdom', 'dark comedy');
INSERT INTO play (pk_play, title, autor, "year of publication", country, genre) VALUES (23, 'Woyzeck', 'Georg Buchner', '1837', 'Austria', 'drama');
INSERT INTO play (pk_play, title, autor, "year of publication", country, genre) VALUES (24, 'Raina’s Dreams', 'Janis Rainis', '-', 'Latvia', 'poetic drama');
INSERT INTO play (pk_play, title, autor, "year of publication", country, genre) VALUES (25, 'A City Near', 'Marius Ivaskevicius', '2017', 'Latvia', 'contemporary drama');
INSERT INTO play (pk_play, title, autor, "year of publication", country, genre) VALUES (26, 'Plasticine', 'Vasily Sigarev', '2000', 'Russia', 'realistic drama');
INSERT INTO play (pk_play, title, autor, "year of publication", country, genre) VALUES (27, 'Some Explicit Polaroids', 'Mark Ravenhill', '1999', 'Israel', 'dark comedy');
INSERT INTO play (pk_play, title, autor, "year of publication", country, genre) VALUES (28, 'Sweet Bird of Youth', 'Tennessee Williams', '1959', 'USA', 'drama');
INSERT INTO play (pk_play, title, autor, "year of publication", country, genre) VALUES (29, 'Demon', 'Mikhail Lermontov', '1829', 'Russia', 'drama');
INSERT INTO play (pk_play, title, autor, "year of publication", country, genre) VALUES (30, 'Outside', 'Kirill Serebrennikov', '2019', 'Russia', 'experimental drama');
INSERT INTO play (pk_play, title, autor, "year of publication", country, genre) VALUES (31, 'A Midsummer Night''s Dream', 'William Shakespeare', '1600', 'United Kingdom', 'comedy');
INSERT INTO play (pk_play, title, autor, "year of publication", country, genre) VALUES (32, 'Antony and Cleopatra', 'William Shakespeare', '1623', 'United Kingdom', 'tradegy');
INSERT INTO play (pk_play, title, autor, "year of publication", country, genre) VALUES (33, 'A Hero of Our Time', 'Mikhail Lermontov', '1829', 'Russia', 'drama');
INSERT INTO play (pk_play, title, autor, "year of publication", country, genre) VALUES (34, 'Acting', 'Stig Larsson', '2005', 'Sweden', 'drama');
INSERT INTO play (pk_play, title, autor, "year of publication", country, genre) VALUES (35, 'Naked Pioneer', 'Mikhail Kononov', '1991', 'Russia', 'drama');
INSERT INTO play (pk_play, title, autor, "year of publication", country, genre) VALUES (36, 'The Marriage of Figaro', 'Pierre Beaumarchais', '1784', 'France', 'comedy');
INSERT INTO play (pk_play, title, autor, "year of publication", country, genre) VALUES (37, 'Around Zero', 'Nathan Dubovitsky', '2009', 'Russia', 'drama');
INSERT INTO play (pk_play, title, autor, "year of publication", country, genre) VALUES (38, 'Outcasts', 'Zakhar Prilepin', '2006', 'Russia', 'drama');
INSERT INTO play (pk_play, title, autor, "year of publication", country, genre) VALUES (39, 'Hunting of the Snark', 'Lewis Carroll', '1876', 'United Kingdom', 'comedy');
INSERT INTO play (pk_play, title, autor, "year of publication", country, genre) VALUES (40, 'Mozart and Salieri', 'Alexander Pushkin', '1830', 'Russia', 'tradegy');
INSERT INTO play (pk_play, title, autor, "year of publication", country, genre) VALUES (41, 'The Misanthrope', 'Moliere', '1666', 'France', 'drama');
INSERT INTO play (pk_play, title, autor, "year of publication", country, genre) VALUES (42, 'Medea-Material', 'Heiner Muller', '1983', 'German', 'post-drama');
INSERT INTO play (pk_play, title, autor, "year of publication", country, genre) VALUES (43, 'Eugene Onegin', 'Alexander Pushkin', '1833', 'Russia', 'drama');
INSERT INTO play (pk_play, title, autor, "year of publication", country, genre) VALUES (44, 'Don Juan, or The Stone Guest', 'Alexander Pushkin', '1830', 'Russia', 'tradegy');
INSERT INTO play (pk_play, title, autor, "year of publication", country, genre) VALUES (45, 'Therese-Philosopher', 'Jean-Baptiste Argan', '1748', 'France', 'drama');
INSERT INTO play (pk_play, title, autor, "year of publication", country, genre) VALUES (46, 'Medea', 'Euripides', '431 BC', 'Greece', 'tradegy');
INSERT INTO play (pk_play, title, autor, "year of publication", country, genre) VALUES (47, 'Coriolanus', 'William Shakespeare', '1608', 'United Kingdom', 'tradegy');
INSERT INTO play (pk_play, title, autor, "year of publication", country, genre) VALUES (48, 'Salome', 'Oscar Wilde', '1893', 'United Kingdom', 'drama');
INSERT INTO play (pk_play, title, autor, "year of publication", country, genre) VALUES (49, 'Cain', 'Lord Byron', '1821', 'United Kingdom', 'tradegy');
INSERT INTO play (pk_play, title, autor, "year of publication", country, genre) VALUES (50, 'Full Days Under the Trees', 'Marguerite Duras', '1976', 'France', 'drama');
INSERT INTO play (pk_play, title, autor, "year of publication", country, genre) VALUES (51, 'The Old Man and the Sea', 'Ernest Hemingway', '1952', 'U.S', 'drama');
INSERT INTO play (pk_play, title, autor, "year of publication", country, genre) VALUES (52, 'Amphitryon', 'Moliere', '1668', 'France', 'comedy');
INSERT INTO play (pk_play, title, autor, "year of publication", country, genre) VALUES (53, 'Nana', 'Emile Zola', '1880', 'France', 'drama');
INSERT INTO play (pk_play, title, autor, "year of publication", country, genre) VALUES (54, 'Three Sisters', 'Anton Chekhov', '1901', 'Russia', 'drama');
INSERT INTO play (pk_play, title, autor, "year of publication", country, genre) VALUES (55, 'A servant of two masters', 'Carlo Goldoni', '1746', 'Italy', 'comedy');
INSERT INTO play (pk_play, title, autor, "year of publication", country, genre) VALUES (56, 'Metamorphosis', 'Franz Kafka', '1915', 'German', 'drama');
INSERT INTO play (pk_play, title, autor, "year of publication", country, genre) VALUES (57, 'Elektra', 'Euripides', '5 BCE', 'Greece', 'tradegy');
INSERT INTO play (pk_play, title, autor, "year of publication", country, genre) VALUES (58, 'Mirandolina', 'Carlo Goldoni', '1752', 'Italy', 'comedy');
INSERT INTO play (pk_play, title, autor, "year of publication", country, genre) VALUES (59, 'Madame Bovary', 'Gustave Flaubert', '1857', 'France', 'drama');
INSERT INTO play (pk_play, title, autor, "year of publication", country, genre) VALUES (60, 'The Cherry Orchard', 'Anton Chekhov', '1904', 'Russia', 'drama');
INSERT INTO play (pk_play, title, autor, "year of publication", country, genre) VALUES (61, 'Uncle Vanya', 'Anton Chekhov', '1899', 'Russia', 'drama');
INSERT INTO play (pk_play, title, autor, "year of publication", country, genre) VALUES (62, 'Mephisto', 'Klaus Mann', '1936', 'German', 'drama');
INSERT INTO play (pk_play, title, autor, "year of publication", country, genre) VALUES (63, 'The Idiot', 'Fyodor Dostoevsky', '1869', 'Russia', 'drama');
INSERT INTO play (pk_play, title, autor, "year of publication", country, genre) VALUES (64, 'Moscow - Petushki', 'Venedikt Erofeev', '1970', 'Russia', 'drama');
INSERT INTO play (pk_play, title, autor, "year of publication", country, genre) VALUES (65, 'Anna Karenina', 'Lev Tolstoy', '1878', 'Russia', 'drama');
INSERT INTO play (pk_play, title, autor, "year of publication", country, genre) VALUES (66, 'Sexus', 'Henry Miller', '1949', 'German', 'drama');
INSERT INTO play (pk_play, title, autor, "year of publication", country, genre) VALUES (67, 'Princess Turandot', 'Carlo Gozzi', '1762', 'Italy', 'drama');
INSERT INTO play (pk_play, title, autor, "year of publication", country, genre) VALUES (68, 'The Yellow Prince', 'Vasil Barki', '1962', 'Ukrain', 'drama');
INSERT INTO play (pk_play, title, autor, "year of publication", country, genre) VALUES (69, 'Woyzeck', 'Georg Buchner', '1836', 'Austria', 'drama');
INSERT INTO play (pk_play, title, autor, "year of publication", country, genre) VALUES (70, 'Carmen', 'Prosper Merimee', '1845', 'France', 'drama');
INSERT INTO play (pk_play, title, autor, "year of publication", country, genre) VALUES (71, 'A Dream Play', 'August Strindberg', '1901', 'Sweden', 'drama');
INSERT INTO play (pk_play, title, autor, "year of publication", country, genre) VALUES (72, 'Romeo and Juliet', 'William Shakespeare', '1597', 'United Kingdom', 'tradegy');
INSERT INTO play (pk_play, title, autor, "year of publication", country, genre) VALUES (73, 'A month in the village', 'Ivan Turgenev', '1855', 'Russia', 'drama');
INSERT INTO play (pk_play, title, autor, "year of publication", country, genre) VALUES (74, 'One Day in the Life of Ivan Denisovich', 'Alexander Solzhenitsyn', '1962', 'Soviet Union', 'drama');
INSERT INTO play (pk_play, title, autor, "year of publication", country, genre) VALUES (75, 'Hamlet', 'William Shakespeare', '1600', 'United Kingdom', 'tradegy');
INSERT INTO play (pk_play, title, autor, "year of publication", country, genre) VALUES (76, 'Othello', 'William Shakespeare', '1603', 'United Kingdom', 'tradegy');
INSERT INTO play (pk_play, title, autor, "year of publication", country, genre) VALUES (77, 'The Seagull', 'Anton Chekhov', '1896', 'Russia', 'drama');
INSERT INTO play (pk_play, title, autor, "year of publication", country, genre) VALUES (78, 'Marriage', 'Nikolai Gogol', '1842', 'Russia', 'comedy');
INSERT INTO play (pk_play, title, autor, "year of publication", country, genre) VALUES (79, 'The Idiot', 'Fyodor Dostoevsky', '1869', 'Russia', 'drama');
INSERT INTO play (pk_play, title, autor, "year of publication", country, genre) VALUES (80, 'Taras Bulba', 'Nikolai Gogol', '1835', 'Russia', 'drama');
INSERT INTO play (pk_play, title, autor, "year of publication", country, genre) VALUES (81, 'Macbeth', 'William Shakespeare', '1606', 'United Kingdom', 'tradegy');
INSERT INTO play (pk_play, title, autor, "year of publication", country, genre) VALUES (82, 'Master and Margarita', 'Mikhail Bulgakov', '1966', 'Soviet Union', 'drama');
INSERT INTO play (pk_play, title, autor, "year of publication", country, genre) VALUES (83, 'Endgame', 'Samuel Beckett', '1957', 'France', 'drama');
INSERT INTO play (pk_play, title, autor, "year of publication", country, genre) VALUES (84, 'Twelfth Night', 'William Shakespeare', '1601', 'United Kingdom', 'comedy');
INSERT INTO play (pk_play, title, autor, "year of publication", country, genre) VALUES (85, 'Synchro', 'Thomas Hurlimann', '2002', 'Switzerland', 'drama');
INSERT INTO play (pk_play, title, autor, "year of publication", country, genre) VALUES (86, 'In the Alps', 'Elfriede Jelinek', '1999', 'Austria', 'drama');
INSERT INTO play (pk_play, title, autor, "year of publication", country, genre) VALUES (87, 'Danton''s Death', 'Georg Buchner', '1835', 'Austria', 'drama');
INSERT INTO play (pk_play, title, autor, "year of publication", country, genre) VALUES (88, 'Tales from the Vienna Woods', 'Odon von Horvath', '1931', 'Austria', 'drama');
INSERT INTO play (pk_play, title, autor, "year of publication", country, genre) VALUES (89, '0 A Subpolar Basecamp', 'Sasha Rau', '2011', 'Austria', 'drama');
INSERT INTO play (pk_play, title, autor, "year of publication", country, genre) VALUES (90, 'Faith Love Hope', 'Odon von Horvath', '1932', 'Crotia', 'drama');
INSERT INTO play (pk_play, title, autor, "year of publication", country, genre) VALUES (91, 'Seasons', 'Kristijonas Donelaitis', '1818', 'Lithuania', 'drama');
INSERT INTO play (pk_play, title, autor, "year of publication", country, genre) VALUES (92, 'Song of Songs', 'Solomon', 'X ', NULL, 'drama');
INSERT INTO play (pk_play, title, autor, "year of publication", country, genre) VALUES (93, 'Faust', 'Johann Wolfgang von Goethe', '1808', 'Germany', 'tradegy');
INSERT INTO play (pk_play, title, autor, "year of publication", country, genre) VALUES (94, 'Divine Comedy', 'Dante Alighieri', '1320', 'Italy', 'drama');
INSERT INTO play (pk_play, title, autor, "year of publication", country, genre) VALUES (95, 'Book of Job', 'Old Testament', NULL, NULL, 'drama');
INSERT INTO play (pk_play, title, autor, "year of publication", country, genre) VALUES (96, 'The Master of Hunger', 'Franz Kafka', '1922', 'German', 'drama');
INSERT INTO play (pk_play, title, autor, "year of publication", country, genre) VALUES (97, 'Zinc (Zn)', 'Svetlana Alexievich', '2017', 'Belorussia', 'drama');
INSERT INTO play (pk_play, title, autor, "year of publication", country, genre) VALUES (98, 'Ivanov', 'Anton Chekhov', '1887', 'Russia', 'drama');
INSERT INTO play (pk_play, title, autor, "year of publication", country, genre) VALUES (99, 'Caligula', 'Albert Camus', '1944', 'France', 'drama');
INSERT INTO play (pk_play, title, autor, "year of publication", country, genre) VALUES (100, 'Boris Godunov', 'Alexander Pushkin', '1825', 'Russia', 'tradegy');
INSERT INTO play (pk_play, title, autor, "year of publication", country, genre) VALUES (101, 'Fatherland', 'Robert Harris', '1992', 'United Kingdom', 'drama');
INSERT INTO play (pk_play, title, autor, "year of publication", country, genre) VALUES (102, 'A Streetcar Named Desire', 'Tennessee Williams', '1947', 'U.S', 'drama');
INSERT INTO play (pk_play, title, autor, "year of publication", country, genre) VALUES (103, 'Elementary Particles', 'Michel Houellebecq', '1998', 'France', 'drama');
INSERT INTO play (pk_play, title, autor, "year of publication", country, genre) VALUES (104, 'Berlin Alexanderplatz', 'Alfred Doblin', '1929', 'German', 'drama');
INSERT INTO play (pk_play, title, autor, "year of publication", country, genre) VALUES (105, 'The Insulted and Injured', 'Fyodor Dostoevsky', '1861', 'Russia', 'drama');
INSERT INTO play (pk_play, title, autor, "year of publication", country, genre) VALUES (106, 'Mourning Becomes Electra', 'Eugene O’Neill', '1931', 'U.S', 'drama');
INSERT INTO play (pk_play, title, autor, "year of publication", country, genre) VALUES (107, 'Forever Young', 'Tennessee Williams', '1959', 'U.S', 'drama');
INSERT INTO play (pk_play, title, autor, "year of publication", country, genre) VALUES (108, 'Cocaine', 'Michel Houellebecq', '2001', 'France', 'drama');
INSERT INTO play (pk_play, title, autor, "year of publication", country, genre) VALUES (109, 'Greed for Gold', 'Frank Norris', '1900', 'U.S', 'drama');
INSERT INTO play (pk_play, title, autor, "year of publication", country, genre) VALUES (110, 'The Snow Queen', 'Hans Christian Andersen', '1844', 'Denmark', 'drama');
INSERT INTO play (pk_play, title, autor, "year of publication", country, genre) VALUES (111, 'Crime and Punishment', 'Fyodor Dostoevsky', '1866', 'Russia', 'drama');
INSERT INTO play (pk_play, title, autor, "year of publication", country, genre) VALUES (112, 'In the Jungle of Cities', 'Bertolt Brecht', '1928', 'German', 'drama');
INSERT INTO play (pk_play, title, autor, "year of publication", country, genre) VALUES (113, 'Northwards', 'Louis-Ferdinand Celine', '1932', 'France', 'drama');
INSERT INTO play (pk_play, title, autor, "year of publication", country, genre) VALUES (114, 'Emil and the Detectives', 'Erich Kastner', '1929', 'German', 'drama');
INSERT INTO play (pk_play, title, autor, "year of publication", country, genre) VALUES (115, 'Away with You, America', 'Eduard Limonov', '1990', 'Russia', 'drama');
INSERT INTO play (pk_play, title, autor, "year of publication", country, genre) VALUES (116, 'Hamletmachine', 'Heiner Muller', '1977', 'German', 'post-drama');
INSERT INTO play (pk_play, title, autor, "year of publication", country, genre) VALUES (117, 'Medea', 'Lucius Annaeus Seneca', 'I', 'Greece', 'tradegy');
INSERT INTO play (pk_play, title, autor, "year of publication", country, genre) VALUES (118, 'The Gambler', 'Fyodor Dostoevsky', '1867', 'Russia', 'drama');
INSERT INTO play (pk_play, title, autor, "year of publication", country, genre) VALUES (119, 'Kazimir and Caroline', 'Odon von Horvath', '1932', 'Austria', 'drama');
INSERT INTO play (pk_play, title, autor, "year of publication", country, genre) VALUES (120, 'The Lady with the Camellias', 'Alexandre Dumas', '1848', 'France', 'drama');
INSERT INTO play (pk_play, title, autor, "year of publication", country, genre) VALUES (121, 'Marquis of O…', 'Heinrich von Kleist', '1808', 'German', 'drama');
INSERT INTO play (pk_play, title, autor, "year of publication", country, genre) VALUES (122, 'America', 'Franz Kafka', '1927', 'German', 'drama');
INSERT INTO play (pk_play, title, autor, "year of publication", country, genre) VALUES (123, 'The Miser', 'Moliere', '1668', 'France', 'comedy');
INSERT INTO play (pk_play, title, autor, "year of publication", country, genre) VALUES (124, 'The Hostess', 'Fyodor Dostoevsky', '1874', 'Russia', 'drama');
INSERT INTO play (pk_play, title, autor, "year of publication", country, genre) VALUES (125, 'Duel', 'Anton Chekhov', '1891', 'Russia', 'drama');
INSERT INTO play (pk_play, title, autor, "year of publication", country, genre) VALUES (126, 'Journey to the End of Night', 'Louis-Ferdinand Celine', '1932', 'France', 'drama');
INSERT INTO play (pk_play, title, autor, "year of publication", country, genre) VALUES (127, 'Richard III’s Coronation', 'Hans Henny Jahn', '1930', 'German', 'drama');
INSERT INTO play (pk_play, title, autor, "year of publication", country, genre) VALUES (128, 'The Tempest', 'William Shakespeare', '1611', 'United Kingdom', 'tradegy');
INSERT INTO play (pk_play, title, autor, "year of publication", country, genre) VALUES (129, 'Other People', 'Dorota Maslowska', '2018', 'Poland', 'drama');
INSERT INTO play (pk_play, title, autor, "year of publication", country, genre) VALUES (130, 'The Second Woman', 'John Cassavetes', '1977', 'U.S', 'drama');
INSERT INTO play (pk_play, title, autor, "year of publication", country, genre) VALUES (131, 'Nosferatu', 'Bram Stoker', '1897', 'U.S', 'drama');
INSERT INTO play (pk_play, title, autor, "year of publication", country, genre) VALUES (132, 'Phaedra', 'Jean Racine', '1677', 'France', 'tradegy');
INSERT INTO play (pk_play, title, autor, "year of publication", country, genre) VALUES (133, 'Areteia', 'Grzegorz Jarzyna', '2010', 'Poland', 'drama');
INSERT INTO play (pk_play, title, autor, "year of publication", country, genre) VALUES (134, 'No Matter How Hard We Try', 'Dorota Maslowska', '2008', 'Poland', 'drama');
INSERT INTO play (pk_play, title, autor, "year of publication", country, genre) VALUES (135, 'Teorema', 'Pier Paolo Pasolini', '1968', 'Italy', 'drama');
INSERT INTO play (pk_play, title, autor, "year of publication", country, genre) VALUES (136, 'The Lion in Winter', 'James Goldman', '1966', 'U.S', 'drama');
INSERT INTO play (pk_play, title, autor, "year of publication", country, genre) VALUES (137, 'Bash', 'Neil LaBute', '1999', 'U.S', 'drama');
INSERT INTO play (pk_play, title, autor, "year of publication", country, genre) VALUES (138, 'Take Everything', 'George F. Walker', '1998', 'Canada', 'drama');
INSERT INTO play (pk_play, title, autor, "year of publication", country, genre) VALUES (139, '4.48 Psychose', 'Sarah Kane', '2000', 'United Kingdom', 'drama');
INSERT INTO play (pk_play, title, autor, "year of publication", country, genre) VALUES (140, 'The Celebration', 'Thomas Vinterberg, Mogens Rukov', '1998', 'Denmark', 'drama');
INSERT INTO play (pk_play, title, autor, "year of publication", country, genre) VALUES (141, 'Alice in Bed', 'Susan Sontag', '1993', 'U.S', 'drama');
INSERT INTO play (pk_play, title, autor, "year of publication", country, genre) VALUES (142, 'The Norman Conquests', 'Alan Ayckbourn', '1973', 'U.S', 'drama');
INSERT INTO play (pk_play, title, autor, "year of publication", country, genre) VALUES (143, 'Hedda Gabler', 'Henrik Ibsen', '1891', 'Norvey', 'drama');
INSERT INTO play (pk_play, title, autor, "year of publication", country, genre) VALUES (144, 'Faces', 'John Cassavetes', '1968', 'U.S', 'drama');
INSERT INTO play (pk_play, title, autor, "year of publication", country, genre) VALUES (145, 'The Little Foxes', 'Lillian Hellman', '1939', 'U.S', 'drama');
INSERT INTO play (pk_play, title, autor, "year of publication", country, genre) VALUES (146, 'Ludwig II', 'Luchino Visconti', '1972', 'Italy', 'drama');
INSERT INTO play (pk_play, title, autor, "year of publication", country, genre) VALUES (147, 'Edward II', 'Christopher Marlowe', '1593', 'United Kingdom', 'drama');
INSERT INTO play (pk_play, title, autor, "year of publication", country, genre) VALUES (148, 'Seltsames Intermezzo', 'Eugene O’Neill', '1928', 'U.S', 'drama');
INSERT INTO play (pk_play, title, autor, "year of publication", country, genre) VALUES (149, 'Scenes from a Marriage', 'Ingmar Bergman', '1973', 'Sweden', 'drama');
INSERT INTO play (pk_play, title, autor, "year of publication", country, genre) VALUES (150, 'A View from the Bridge', 'Arthur Miller', '1955', 'U.S', 'drama');
INSERT INTO play (pk_play, title, autor, "year of publication", country, genre) VALUES (151, 'Antigone', 'Sophocles', '441 BC', 'Greece', 'tradegy');
INSERT INTO play (pk_play, title, autor, "year of publication", country, genre) VALUES (152, 'Les Damnes', 'Luchino Visconti', '1969', 'Italy', 'drama');
INSERT INTO play (pk_play, title, autor, "year of publication", country, genre) VALUES (153, 'Network', 'Lee Hall', '2017', 'United Kingdom', 'drama');
INSERT INTO play (pk_play, title, autor, "year of publication", country, genre) VALUES (154, 'Obsession', 'Luchino Visconti', '1943', 'Italy', 'drama');
INSERT INTO play (pk_play, title, autor, "year of publication", country, genre) VALUES (155, 'The Fountainhead', 'Ayn Rand', '1943', 'U.S', 'drama');
INSERT INTO play (pk_play, title, autor, "year of publication", country, genre) VALUES (156, 'Electre', 'Euripides', '413 BC', 'Greece', 'tradegy');

-- Table: problem
CREATE TABLE IF NOT EXISTS problem (pk_problem INTEGER PRIMARY KEY AUTOINCREMENT, type TEXT, fk_play REFERENCES play (pk_play) MATCH SIMPLE);
INSERT INTO problem (pk_problem, type, fk_play) VALUES (1, 'Political', 1);
INSERT INTO problem (pk_problem, type, fk_play) VALUES (2, 'Psychological/Existential', 2);
INSERT INTO problem (pk_problem, type, fk_play) VALUES (3, 'Social/Political', 3);
INSERT INTO problem (pk_problem, type, fk_play) VALUES (4, 'Environmental/Philosophical', 4);
INSERT INTO problem (pk_problem, type, fk_play) VALUES (5, 'Psychological/Family Drama', 5);
INSERT INTO problem (pk_problem, type, fk_play) VALUES (6, 'Psychological/Violence', 6);
INSERT INTO problem (pk_problem, type, fk_play) VALUES (7, 'Political/Satirical', 7);
INSERT INTO problem (pk_problem, type, fk_play) VALUES (8, 'Social/Political', 8);
INSERT INTO problem (pk_problem, type, fk_play) VALUES (9, 'Social/Political/Corruption', 9);
INSERT INTO problem (pk_problem, type, fk_play) VALUES (10, 'Psychological/Social', 10);
INSERT INTO problem (pk_problem, type, fk_play) VALUES (11, 'Sexuality/Youth/Coming-of-Age', 11);
INSERT INTO problem (pk_problem, type, fk_play) VALUES (12, 'Mythological/Philosophical', 12);
INSERT INTO problem (pk_problem, type, fk_play) VALUES (13, 'Social/Cultural Critique', 13);
INSERT INTO problem (pk_problem, type, fk_play) VALUES (14, 'Political/Existential', 14);
INSERT INTO problem (pk_problem, type, fk_play) VALUES (15, 'Social/Family/Political', 15);
INSERT INTO problem (pk_problem, type, fk_play) VALUES (16, 'Political/Social', 16);
INSERT INTO problem (pk_problem, type, fk_play) VALUES (17, 'Existential/Psychological', 17);
INSERT INTO problem (pk_problem, type, fk_play) VALUES (18, 'Existential/Philosophical', 18);
INSERT INTO problem (pk_problem, type, fk_play) VALUES (19, 'Political/Poetical/Philosophical', 19);
INSERT INTO problem (pk_problem, type, fk_play) VALUES (20, 'Human Condition/Philosophical', 20);
INSERT INTO problem (pk_problem, type, fk_play) VALUES (21, 'Historical/Political/Artistic', 21);
INSERT INTO problem (pk_problem, type, fk_play) VALUES (22, 'Justice/Social/Violence', 22);
INSERT INTO problem (pk_problem, type, fk_play) VALUES (23, 'Psychological/Existential', 23);
INSERT INTO problem (pk_problem, type, fk_play) VALUES (24, 'Political/Fantasy', 24);
INSERT INTO problem (pk_problem, type, fk_play) VALUES (25, 'Psychological/Social', 25);
INSERT INTO problem (pk_problem, type, fk_play) VALUES (26, 'Psychological/Existential', 26);
INSERT INTO problem (pk_problem, type, fk_play) VALUES (27, 'Social/Identity/Philosophical', 27);
INSERT INTO problem (pk_problem, type, fk_play) VALUES (28, 'Psychological/Social', 28);
INSERT INTO problem (pk_problem, type, fk_play) VALUES (29, 'Political/Religious', 29);
INSERT INTO problem (pk_problem, type, fk_play) VALUES (30, 'Social/Philosophical', 30);
INSERT INTO problem (pk_problem, type, fk_play) VALUES (31, 'Love/Transformation', 31);
INSERT INTO problem (pk_problem, type, fk_play) VALUES (32, 'Political/Love', 32);
INSERT INTO problem (pk_problem, type, fk_play) VALUES (33, 'Psychological/Existential', 33);
INSERT INTO problem (pk_problem, type, fk_play) VALUES (34, 'Artistic/Philosophical', 34);
INSERT INTO problem (pk_problem, type, fk_play) VALUES (35, 'Sexuality/Adventure', 35);
INSERT INTO problem (pk_problem, type, fk_play) VALUES (36, 'Social/Political/Class Struggle', 36);
INSERT INTO problem (pk_problem, type, fk_play) VALUES (37, 'Political/Social', 37);
INSERT INTO problem (pk_problem, type, fk_play) VALUES (38, 'Social/Existential', 38);
INSERT INTO problem (pk_problem, type, fk_play) VALUES (39, 'Fantasy/Absurdity', 39);
INSERT INTO problem (pk_problem, type, fk_play) VALUES (40, 'Artistic/Rivalry', 40);
INSERT INTO problem (pk_problem, type, fk_play) VALUES (41, 'Social/Political', 41);
INSERT INTO problem (pk_problem, type, fk_play) VALUES (42, 'Feminist/Existential', 42);
INSERT INTO problem (pk_problem, type, fk_play) VALUES (43, 'Love/Society', 43);
INSERT INTO problem (pk_problem, type, fk_play) VALUES (44, 'Love/Morality', 44);
INSERT INTO problem (pk_problem, type, fk_play) VALUES (45, 'Political/Philosophical', 45);
INSERT INTO problem (pk_problem, type, fk_play) VALUES (46, 'Revenge/Social/Existential', 46);
INSERT INTO problem (pk_problem, type, fk_play) VALUES (47, 'Political/Social', 47);
INSERT INTO problem (pk_problem, type, fk_play) VALUES (48, 'Political/Sexuality/Religious', 48);
INSERT INTO problem (pk_problem, type, fk_play) VALUES (49, 'Religious/Philosophical', 49);
INSERT INTO problem (pk_problem, type, fk_play) VALUES (50, 'Existential/Social', 50);
INSERT INTO problem (pk_problem, type, fk_play) VALUES (51, 'Existential/Philosophical', 51);
INSERT INTO problem (pk_problem, type, fk_play) VALUES (52, 'Social/Philosophical', 52);
INSERT INTO problem (pk_problem, type, fk_play) VALUES (53, 'Feminist/Social/Political', 53);
INSERT INTO problem (pk_problem, type, fk_play) VALUES (54, 'Family/Existential/Philosophical', 54);
INSERT INTO problem (pk_problem, type, fk_play) VALUES (55, 'Comedy/Social', 55);
INSERT INTO problem (pk_problem, type, fk_play) VALUES (56, 'Psychological/Existential', 56);
INSERT INTO problem (pk_problem, type, fk_play) VALUES (57, 'Revenge/Family', 57);
INSERT INTO problem (pk_problem, type, fk_play) VALUES (58, 'Social/Comedy', 58);
INSERT INTO problem (pk_problem, type, fk_play) VALUES (59, 'Social/Existential', 59);
INSERT INTO problem (pk_problem, type, fk_play) VALUES (60, 'Social/Class Struggle', 60);
INSERT INTO problem (pk_problem, type, fk_play) VALUES (61, 'Social/Family/Existential', 61);
INSERT INTO problem (pk_problem, type, fk_play) VALUES (62, 'Political/Existential', 62);
INSERT INTO problem (pk_problem, type, fk_play) VALUES (63, 'Psychological/Existential', 63);
INSERT INTO problem (pk_problem, type, fk_play) VALUES (64, 'Political/Social/Existential', 64);
INSERT INTO problem (pk_problem, type, fk_play) VALUES (65, 'Love/Society/Family', 65);
INSERT INTO problem (pk_problem, type, fk_play) VALUES (66, 'Sexuality/Existential', 66);
INSERT INTO problem (pk_problem, type, fk_play) VALUES (67, 'Love/Society', 67);
INSERT INTO problem (pk_problem, type, fk_play) VALUES (68, 'Fantasy/Existential', 68);
INSERT INTO problem (pk_problem, type, fk_play) VALUES (69, 'Psychological/Existential', 69);
INSERT INTO problem (pk_problem, type, fk_play) VALUES (70, 'Love/Social/Identity', 70);
INSERT INTO problem (pk_problem, type, fk_play) VALUES (71, 'Fantasy/Philosophical', 71);
INSERT INTO problem (pk_problem, type, fk_play) VALUES (72, 'Love/Tragedy', 72);
INSERT INTO problem (pk_problem, type, fk_play) VALUES (73, 'Social/Existential', 73);
INSERT INTO problem (pk_problem, type, fk_play) VALUES (74, 'Political/Existential', 74);
INSERT INTO problem (pk_problem, type, fk_play) VALUES (75, 'Revenge/Social/Existential', 75);
INSERT INTO problem (pk_problem, type, fk_play) VALUES (76, 'Jealousy/Love', 76);
INSERT INTO problem (pk_problem, type, fk_play) VALUES (77, 'Love/Society/Existential', 77);
INSERT INTO problem (pk_problem, type, fk_play) VALUES (78, 'Social/Family', 78);
INSERT INTO problem (pk_problem, type, fk_play) VALUES (79, 'Psychological/Existential', 79);
INSERT INTO problem (pk_problem, type, fk_play) VALUES (80, 'Nationalism/Political', 80);
INSERT INTO problem (pk_problem, type, fk_play) VALUES (81, 'Power/Greed/Political', 81);
INSERT INTO problem (pk_problem, type, fk_play) VALUES (82, 'Political/Philosophical', 82);
INSERT INTO problem (pk_problem, type, fk_play) VALUES (83, 'Existential/Philosophical', 83);
INSERT INTO problem (pk_problem, type, fk_play) VALUES (84, 'Love/Comedy', 84);
INSERT INTO problem (pk_problem, type, fk_play) VALUES (85, 'Social/Technology/Existential', 85);
INSERT INTO problem (pk_problem, type, fk_play) VALUES (86, 'Philosophical/Existential', 86);
INSERT INTO problem (pk_problem, type, fk_play) VALUES (87, 'Political/Social', 87);
INSERT INTO problem (pk_problem, type, fk_play) VALUES (88, 'Social/Existential', 88);
INSERT INTO problem (pk_problem, type, fk_play) VALUES (89, 'Political/Environmental', 89);
INSERT INTO problem (pk_problem, type, fk_play) VALUES (90, 'Philosophy/Religion', 90);
INSERT INTO problem (pk_problem, type, fk_play) VALUES (91, 'Environmental/Philosophical', 91);
INSERT INTO problem (pk_problem, type, fk_play) VALUES (92, 'Religious/Philosophical', 92);
INSERT INTO problem (pk_problem, type, fk_play) VALUES (93, 'Philosophy/Existential/Spiritual', 93);
INSERT INTO problem (pk_problem, type, fk_play) VALUES (94, 'Religious/Philosophical', 94);
INSERT INTO problem (pk_problem, type, fk_play) VALUES (95, 'Religious/Philosophical', 95);
INSERT INTO problem (pk_problem, type, fk_play) VALUES (96, 'Existential/Philosophical', 96);
INSERT INTO problem (pk_problem, type, fk_play) VALUES (97, 'Political/Environmental', 97);
INSERT INTO problem (pk_problem, type, fk_play) VALUES (98, 'Psychological/Family', 98);
INSERT INTO problem (pk_problem, type, fk_play) VALUES (99, 'Political/Existential', 99);
INSERT INTO problem (pk_problem, type, fk_play) VALUES (100, 'Political/Nationalism', 100);
INSERT INTO problem (pk_problem, type, fk_play) VALUES (101, 'Political/Family', 101);
INSERT INTO problem (pk_problem, type, fk_play) VALUES (102, 'Love/Society/Desire', 102);
INSERT INTO problem (pk_problem, type, fk_play) VALUES (103, 'Social/Philosophical', 103);
INSERT INTO problem (pk_problem, type, fk_play) VALUES (104, 'Social/Political', 104);
INSERT INTO problem (pk_problem, type, fk_play) VALUES (105, 'Psychological/Existential', 105);
INSERT INTO problem (pk_problem, type, fk_play) VALUES (106, 'Family/Social', 106);
INSERT INTO problem (pk_problem, type, fk_play) VALUES (107, 'Youth/Generational', 107);
INSERT INTO problem (pk_problem, type, fk_play) VALUES (108, 'Social/Drugs', 108);
INSERT INTO problem (pk_problem, type, fk_play) VALUES (109, 'Greed/Desire', 109);
INSERT INTO problem (pk_problem, type, fk_play) VALUES (110, 'Fairy Tale', 110);
INSERT INTO problem (pk_problem, type, fk_play) VALUES (111, 'Crime/Existential', 111);
INSERT INTO problem (pk_problem, type, fk_play) VALUES (112, 'Social/Political', 112);
INSERT INTO problem (pk_problem, type, fk_play) VALUES (113, 'Political', 113);
INSERT INTO problem (pk_problem, type, fk_play) VALUES (114, 'Adventure/Coming-of-Age', 114);
INSERT INTO problem (pk_problem, type, fk_play) VALUES (115, 'Political/Social', 115);
INSERT INTO problem (pk_problem, type, fk_play) VALUES (116, 'Political/Social/Philosophical', 116);
INSERT INTO problem (pk_problem, type, fk_play) VALUES (117, 'Revenge/Social', 117);
INSERT INTO problem (pk_problem, type, fk_play) VALUES (118, 'Psychological/Existential', 118);
INSERT INTO problem (pk_problem, type, fk_play) VALUES (119, 'Social/Existential/Political', 119);
INSERT INTO problem (pk_problem, type, fk_play) VALUES (120, 'Love/Society/Family', 120);
INSERT INTO problem (pk_problem, type, fk_play) VALUES (121, 'Love/Family', 121);
INSERT INTO problem (pk_problem, type, fk_play) VALUES (122, 'Social/Political', 122);
INSERT INTO problem (pk_problem, type, fk_play) VALUES (123, 'Greed/Family', 123);
INSERT INTO problem (pk_problem, type, fk_play) VALUES (124, 'Family/Political', 124);
INSERT INTO problem (pk_problem, type, fk_play) VALUES (125, 'Conflict/Philosophical', 125);
INSERT INTO problem (pk_problem, type, fk_play) VALUES (126, 'Psychological/Existential', 126);
INSERT INTO problem (pk_problem, type, fk_play) VALUES (127, 'Political/Power', 127);
INSERT INTO problem (pk_problem, type, fk_play) VALUES (128, 'Love/Conflict/Power', 128);
INSERT INTO problem (pk_problem, type, fk_play) VALUES (129, 'Social/Existential/Relationships', 129);
INSERT INTO problem (pk_problem, type, fk_play) VALUES (130, 'Social/Identity/Philosophical', 130);
INSERT INTO problem (pk_problem, type, fk_play) VALUES (131, 'Fear/Society/Existential', 131);
INSERT INTO problem (pk_problem, type, fk_play) VALUES (132, 'Family/Political/Existential', 132);
INSERT INTO problem (pk_problem, type, fk_play) VALUES (133, 'Mythological/Philosophical', 133);
INSERT INTO problem (pk_problem, type, fk_play) VALUES (134, 'Psychological/Existential/Relationships', 134);
INSERT INTO problem (pk_problem, type, fk_play) VALUES (135, 'Philosophical/Existential', 135);
INSERT INTO problem (pk_problem, type, fk_play) VALUES (136, 'Political/Power', 136);
INSERT INTO problem (pk_problem, type, fk_play) VALUES (137, 'Conflict/Existential/Philosophical', 137);
INSERT INTO problem (pk_problem, type, fk_play) VALUES (138, 'Social/Existential/Political', 138);
INSERT INTO problem (pk_problem, type, fk_play) VALUES (139, 'Psychological/Existential', 139);
INSERT INTO problem (pk_problem, type, fk_play) VALUES (140, 'Social/Family', 140);
INSERT INTO problem (pk_problem, type, fk_play) VALUES (141, 'Social/Existential/Family', 141);
INSERT INTO problem (pk_problem, type, fk_play) VALUES (142, 'Family/Relationships/Comedy', 142);
INSERT INTO problem (pk_problem, type, fk_play) VALUES (143, 'Psychological/Social/Family', 143);
INSERT INTO problem (pk_problem, type, fk_play) VALUES (144, 'Family/Existential/Political', 144);
INSERT INTO problem (pk_problem, type, fk_play) VALUES (145, 'Family/Society/Power', 145);
INSERT INTO problem (pk_problem, type, fk_play) VALUES (146, 'Historical/Power/Identity', 146);
INSERT INTO problem (pk_problem, type, fk_play) VALUES (147, 'Historical/Political', 147);
INSERT INTO problem (pk_problem, type, fk_play) VALUES (148, 'Psychological/Existential', 148);
INSERT INTO problem (pk_problem, type, fk_play) VALUES (149, 'Family/Relationships/Existential', 149);
INSERT INTO problem (pk_problem, type, fk_play) VALUES (150, 'Social/Family/Existential/Political', 150);
INSERT INTO problem (pk_problem, type, fk_play) VALUES (151, 'Political/Family/Philosophical', 151);
INSERT INTO problem (pk_problem, type, fk_play) VALUES (152, 'Social/Existential/Power', 152);
INSERT INTO problem (pk_problem, type, fk_play) VALUES (153, 'Psychological/Existential', 153);
INSERT INTO problem (pk_problem, type, fk_play) VALUES (154, 'Obsession/Relationships', 154);
INSERT INTO problem (pk_problem, type, fk_play) VALUES (155, 'Philosophy/Political/Social', 155);
INSERT INTO problem (pk_problem, type, fk_play) VALUES (156, 'Family/Existential/Philosophical', 156);

-- Table: production
CREATE TABLE IF NOT EXISTS production (pk_production INTEGER PRIMARY KEY AUTOINCREMENT, label TEXT, "first show" TEXT, notes TEXT, fk_producer INTEGER REFERENCES person (pk_person) MATCH SIMPLE, fk_organization TEXT REFERENCES organization (pk_organization) MATCH SIMPLE, fk_play TEXT REFERENCES play (pk_play) MATCH SIMPLE);
INSERT INTO production (pk_production, label, "first show", notes, fk_producer, fk_organization, fk_play) VALUES (1, 'Dead Souls', '2014', NULL, 1, '2', '13');
INSERT INTO production (pk_production, label, "first show", notes, fk_producer, fk_organization, fk_play) VALUES (2, 'Plastilin', '2001', NULL, 1, '6', '26');
INSERT INTO production (pk_production, label, "first show", notes, fk_producer, fk_organization, fk_play) VALUES (3, 'Some Explicit Polaroids', '2002', NULL, 1, '4', '27');
INSERT INTO production (pk_production, label, "first show", notes, fk_producer, fk_organization, fk_play) VALUES (4, 'Sweet Bird of Youth', '2002', NULL, 1, '5', '28');
INSERT INTO production (pk_production, label, "first show", notes, fk_producer, fk_organization, fk_play) VALUES (5, 'Acting', '2003', NULL, 1, '6', '34');
INSERT INTO production (pk_production, label, "first show", notes, fk_producer, fk_organization, fk_play) VALUES (6, 'Demon', '2003', NULL, 1, '7', '29');
INSERT INTO production (pk_production, label, "first show", notes, fk_producer, fk_organization, fk_play) VALUES (7, 'Terrorism', '2002', NULL, 1, '1', '1');
INSERT INTO production (pk_production, label, "first show", notes, fk_producer, fk_organization, fk_play) VALUES (8, 'The Philistines', '2004', NULL, 1, '1', '3');
INSERT INTO production (pk_production, label, "first show", notes, fk_producer, fk_organization, fk_play) VALUES (9, 'Playing the Victim', '2004', NULL, 1, '1', '2');
INSERT INTO production (pk_production, label, "first show", notes, fk_producer, fk_organization, fk_play) VALUES (10, 'The Forest', '2004', NULL, 1, '1', '4');
INSERT INTO production (pk_production, label, "first show", notes, fk_producer, fk_organization, fk_play) VALUES (11, 'The Golovlyov Family', '2005', NULL, 1, '1', '5');
INSERT INTO production (pk_production, label, "first show", notes, fk_producer, fk_organization, fk_play) VALUES (12, 'The Naked Pioneer', '2005', NULL, 1, '5', '35');
INSERT INTO production (pk_production, label, "first show", notes, fk_producer, fk_organization, fk_play) VALUES (13, 'Antony & Cleopatra. Version', '2006', NULL, 1, '5', '32');
INSERT INTO production (pk_production, label, "first show", notes, fk_producer, fk_organization, fk_play) VALUES (14, 'The Marriage of Figaro', '2006', NULL, 1, '9', '36');
INSERT INTO production (pk_production, label, "first show", notes, fk_producer, fk_organization, fk_play) VALUES (15, 'The Pillowman', '2007', NULL, 1, '1', '6');
INSERT INTO production (pk_production, label, "first show", notes, fk_producer, fk_organization, fk_play) VALUES (16, 'Lieutenant Kizhe', '2009', NULL, 1, '1', '7');
INSERT INTO production (pk_production, label, "first show", notes, fk_producer, fk_organization, fk_play) VALUES (17, 'The Threepenny Opera', '2009', NULL, 1, '1', '8');
INSERT INTO production (pk_production, label, "first show", notes, fk_producer, fk_organization, fk_play) VALUES (18, 'Dead Souls', '2010', NULL, 1, '3', '13');
INSERT INTO production (pk_production, label, "first show", notes, fk_producer, fk_organization, fk_play) VALUES (19, 'Around Zero', '2011', NULL, 1, '10', '37');
INSERT INTO production (pk_production, label, "first show", notes, fk_producer, fk_organization, fk_play) VALUES (20, 'Outcasts', '2011', NULL, 1, '11', '38');
INSERT INTO production (pk_production, label, "first show", notes, fk_producer, fk_organization, fk_play) VALUES (21, 'Zoyka’s Apartment', '2012', NULL, 1, '1', '9');
INSERT INTO production (pk_production, label, "first show", notes, fk_producer, fk_organization, fk_play) VALUES (22, 'Woyzeck', '2012', NULL, 1, '3', '23');
INSERT INTO production (pk_production, label, "first show", notes, fk_producer, fk_organization, fk_play) VALUES (23, 'Hunting of the Snark', '2012', NULL, 1, '11', '39');
INSERT INTO production (pk_production, label, "first show", notes, fk_producer, fk_organization, fk_play) VALUES (24, 'A Midsummer Night''s Dream', '2012', NULL, 1, '11', '31');
INSERT INTO production (pk_production, label, "first show", notes, fk_producer, fk_organization, fk_play) VALUES (25, 'Out of the System', '2013', 'in honor of Konstantin Stanislavski', 1, '1', NULL);
INSERT INTO production (pk_production, label, "first show", notes, fk_producer, fk_organization, fk_play) VALUES (26, 'The Idiots', '2013', NULL, 1, '2', '10');
INSERT INTO production (pk_production, label, "first show", notes, fk_producer, fk_organization, fk_play) VALUES (27, 'Spring Awakening', '2013', NULL, 1, '2', '11');
INSERT INTO production (pk_production, label, "first show", notes, fk_producer, fk_organization, fk_play) VALUES (28, 'Metamorphoses', '2013', NULL, 1, '2', '12');
INSERT INTO production (pk_production, label, "first show", notes, fk_producer, fk_organization, fk_play) VALUES (29, '(M)artyr', '2014', NULL, 1, '2', '14');
INSERT INTO production (pk_production, label, "first show", notes, fk_producer, fk_organization, fk_play) VALUES (30, 'An Ordinary Story', '2015', NULL, 1, '2', '15');
INSERT INTO production (pk_production, label, "first show", notes, fk_producer, fk_organization, fk_play) VALUES (31, 'Raina’s Dreams', '2015', NULL, 1, '3', '24');
INSERT INTO production (pk_production, label, "first show", notes, fk_producer, fk_organization, fk_play) VALUES (32, 'Who Lives Well in Russia', '2015', NULL, 1, '2', '16');
INSERT INTO production (pk_production, label, "first show", notes, fk_producer, fk_organization, fk_play) VALUES (33, 'Muller Machine', '2016', NULL, 1, '2', '17');
INSERT INTO production (pk_production, label, "first show", notes, fk_producer, fk_organization, fk_play) VALUES (34, 'Kafka', '2016', NULL, 1, '2', '18');
INSERT INTO production (pk_production, label, "first show", notes, fk_producer, fk_organization, fk_play) VALUES (35, 'Akhmatova: A Poem Without a Hero', '2017', NULL, 1, '2', '19');
INSERT INTO production (pk_production, label, "first show", notes, fk_producer, fk_organization, fk_play) VALUES (36, 'Little Tragedies', '2017', NULL, 1, '2', '20');
INSERT INTO production (pk_production, label, "first show", notes, fk_producer, fk_organization, fk_play) VALUES (37, 'A City Near', '2017', NULL, 1, '3', '25');
INSERT INTO production (pk_production, label, "first show", notes, fk_producer, fk_organization, fk_play) VALUES (38, 'Baroque', '2018', NULL, 1, '2', '21');
INSERT INTO production (pk_production, label, "first show", notes, fk_producer, fk_organization, fk_play) VALUES (39, 'Hangmen', '2019', NULL, 1, '2', '22');
INSERT INTO production (pk_production, label, "first show", notes, fk_producer, fk_organization, fk_play) VALUES (40, 'Outside', '2019', NULL, 1, '8', '30');
INSERT INTO production (pk_production, label, "first show", notes, fk_producer, fk_organization, fk_play) VALUES (41, 'A Hero of Our Time', '2011', NULL, 1, '11', '33');
INSERT INTO production (pk_production, label, "first show", notes, fk_producer, fk_organization, fk_play) VALUES (42, 'Mozart and Salieri', '2000', NULL, 2, '12', '40');
INSERT INTO production (pk_production, label, "first show", notes, fk_producer, fk_organization, fk_play) VALUES (43, 'Amphitryon', '2002', NULL, 2, '13', '52');
INSERT INTO production (pk_production, label, "first show", notes, fk_producer, fk_organization, fk_play) VALUES (44, 'The Misanthrope', '2000', NULL, 2, '17', '41');
INSERT INTO production (pk_production, label, "first show", notes, fk_producer, fk_organization, fk_play) VALUES (45, 'Medea-Material', '2001', NULL, 2, '12', '42');
INSERT INTO production (pk_production, label, "first show", notes, fk_producer, fk_organization, fk_play) VALUES (46, 'Therese-Philosopher', '2007', NULL, 2, '14', '45');
INSERT INTO production (pk_production, label, "first show", notes, fk_producer, fk_organization, fk_play) VALUES (47, 'Medea', '2008', NULL, 2, '15', '46');
INSERT INTO production (pk_production, label, "first show", notes, fk_producer, fk_organization, fk_play) VALUES (48, 'Full Days Under the Trees', '2009', NULL, 2, '18', '50');
INSERT INTO production (pk_production, label, "first show", notes, fk_producer, fk_organization, fk_play) VALUES (49, 'Journey of Onegin', '2003', NULL, 2, '12', '43');
INSERT INTO production (pk_production, label, "first show", notes, fk_producer, fk_organization, fk_play) VALUES (50, 'Don Juan, or The Stone Guest', '2007', NULL, 2, '8', '44');
INSERT INTO production (pk_production, label, "first show", notes, fk_producer, fk_organization, fk_play) VALUES (51, 'Coriolanus', '2010', NULL, 2, '9', '47');
INSERT INTO production (pk_production, label, "first show", notes, fk_producer, fk_organization, fk_play) VALUES (52, 'Salome', '2012', NULL, 2, '12', '48');
INSERT INTO production (pk_production, label, "first show", notes, fk_producer, fk_organization, fk_play) VALUES (53, 'Cain', '2015', NULL, 2, NULL, '49');
INSERT INTO production (pk_production, label, "first show", notes, fk_producer, fk_organization, fk_play) VALUES (54, 'The Old Man and the Sea', '2017', NULL, 2, '9', '51');
INSERT INTO production (pk_production, label, "first show", notes, fk_producer, fk_organization, fk_play) VALUES (55, 'Taras Bulba', '2000', NULL, 3, '20', '80');
INSERT INTO production (pk_production, label, "first show", notes, fk_producer, fk_organization, fk_play) VALUES (56, 'The Idiot', '2000', NULL, 3, '21', '79');
INSERT INTO production (pk_production, label, "first show", notes, fk_producer, fk_organization, fk_play) VALUES (57, 'The Idiot', '2000', NULL, 3, '22', '79');
INSERT INTO production (pk_production, label, "first show", notes, fk_producer, fk_organization, fk_play) VALUES (58, 'Marriage', '2001', NULL, 3, '23', '78');
INSERT INTO production (pk_production, label, "first show", notes, fk_producer, fk_organization, fk_play) VALUES (59, 'The Seagull', '2001', NULL, 3, '9', '77');
INSERT INTO production (pk_production, label, "first show", notes, fk_producer, fk_organization, fk_play) VALUES (60, 'Othello?!', '2002', NULL, 3, '22', '76');
INSERT INTO production (pk_production, label, "first show", notes, fk_producer, fk_organization, fk_play) VALUES (61, 'Hamlet. Dreams', '2002', NULL, 3, '24', '75');
INSERT INTO production (pk_production, label, "first show", notes, fk_producer, fk_organization, fk_play) VALUES (62, 'One Day in the Life of Ivan Denisovich', '2003', NULL, 3, '24', '74');
INSERT INTO production (pk_production, label, "first show", notes, fk_producer, fk_organization, fk_play) VALUES (63, 'Month of Love', '2003', NULL, 3, '24', '73');
INSERT INTO production (pk_production, label, "first show", notes, fk_producer, fk_organization, fk_play) VALUES (64, 'Goldoni. Venice', '2004', NULL, 3, '24', '55');
INSERT INTO production (pk_production, label, "first show", notes, fk_producer, fk_organization, fk_play) VALUES (65, 'Romeo and Juliet. Fragment', '2005', NULL, 3, '24', '72');
INSERT INTO production (pk_production, label, "first show", notes, fk_producer, fk_organization, fk_play) VALUES (66, 'Medea in the City', '2005', 'Euripides/Heiner Muller', 3, '25', '46');
INSERT INTO production (pk_production, label, "first show", notes, fk_producer, fk_organization, fk_play) VALUES (67, 'A Dream Play', '2005', NULL, 3, '26', '71');
INSERT INTO production (pk_production, label, "first show", notes, fk_producer, fk_organization, fk_play) VALUES (68, 'Phaedra. The Golden Ear', '2006', 'Euripides/Seneca/Racine	', 3, '9', NULL);
INSERT INTO production (pk_production, label, "first show", notes, fk_producer, fk_organization, fk_play) VALUES (69, 'Carmen. Exodus', '2007', NULL, 3, '9', '70');
INSERT INTO production (pk_production, label, "first show", notes, fk_producer, fk_organization, fk_play) VALUES (70, 'Moscow. Psycho', '2008', 'Euripides/Seneca/etc.	', 3, '27', NULL);
INSERT INTO production (pk_production, label, "first show", notes, fk_producer, fk_organization, fk_play) VALUES (71, 'Woyzeck', '2008', NULL, 3, '28', '69');
INSERT INTO production (pk_production, label, "first show", notes, fk_producer, fk_organization, fk_play) VALUES (72, 'Lenin Love. Stalin Love.', '2008', NULL, 3, '28', '68');
INSERT INTO production (pk_production, label, "first show", notes, fk_producer, fk_organization, fk_play) VALUES (73, 'Princess Turandot', '2009', NULL, 3, '22', '67');
INSERT INTO production (pk_production, label, "first show", notes, fk_producer, fk_organization, fk_play) VALUES (74, 'Sexus', '2009', NULL, 3, '29', '66');
INSERT INTO production (pk_production, label, "first show", notes, fk_producer, fk_organization, fk_play) VALUES (75, 'Anna Karenina', '2010', NULL, 3, '30', '65');
INSERT INTO production (pk_production, label, "first show", notes, fk_producer, fk_organization, fk_play) VALUES (76, 'Moscow - Petushki', '2010', NULL, 3, '20', '64');
INSERT INTO production (pk_production, label, "first show", notes, fk_producer, fk_organization, fk_play) VALUES (77, 'The Idiot', '2011', NULL, 3, '29', '63');
INSERT INTO production (pk_production, label, "first show", notes, fk_producer, fk_organization, fk_play) VALUES (78, 'Mephisto', '2011', NULL, 3, '31', '62');
INSERT INTO production (pk_production, label, "first show", notes, fk_producer, fk_organization, fk_play) VALUES (79, 'Uncle Vanya', '2011', NULL, 3, '32', '61');
INSERT INTO production (pk_production, label, "first show", notes, fk_producer, fk_organization, fk_play) VALUES (80, 'The Cherry Orchard', '2012', NULL, 3, '30', '60');
INSERT INTO production (pk_production, label, "first show", notes, fk_producer, fk_organization, fk_play) VALUES (81, 'Madame Bovary', '2013', NULL, 3, '35', '59');
INSERT INTO production (pk_production, label, "first show", notes, fk_producer, fk_organization, fk_play) VALUES (82, 'Mirandolina', '2014', NULL, 3, '36', '58');
INSERT INTO production (pk_production, label, "first show", notes, fk_producer, fk_organization, fk_play) VALUES (83, 'Elektra', '2014', NULL, 3, '37', '57');
INSERT INTO production (pk_production, label, "first show", notes, fk_producer, fk_organization, fk_play) VALUES (84, 'Metamorphosis', '2014', NULL, 3, '29', '56');
INSERT INTO production (pk_production, label, "first show", notes, fk_producer, fk_organization, fk_play) VALUES (85, 'ZHOLDAK DREAMS: Sensory Thieves', '2015', NULL, 3, '38', '55');
INSERT INTO production (pk_production, label, "first show", notes, fk_producer, fk_organization, fk_play) VALUES (86, 'Three Sisters', '201', NULL, 3, '39', '54');
INSERT INTO production (pk_production, label, "first show", notes, fk_producer, fk_organization, fk_play) VALUES (87, 'Nana', '2020', NULL, 3, '39', '53');
INSERT INTO production (pk_production, label, "first show", notes, fk_producer, fk_organization, fk_play) VALUES (88, 'Le Dernier Caravanserail', '2003', 'Ariane Mnouchkine, Ensemble', 4, '13', NULL);
INSERT INTO production (pk_production, label, "first show", notes, fk_producer, fk_organization, fk_play) VALUES (89, 'Les Ephemeres', '2006', 'Ariane Mnouchkine, Ensemble', 4, '13', NULL);
INSERT INTO production (pk_production, label, "first show", notes, fk_producer, fk_organization, fk_play) VALUES (90, 'Macbeth', '2009', NULL, 4, '13', '81');
INSERT INTO production (pk_production, label, "first show", notes, fk_producer, fk_organization, fk_play) VALUES (91, 'A Midsummer Night’s Dream', '2014', NULL, 4, '13', '31');
INSERT INTO production (pk_production, label, "first show", notes, fk_producer, fk_organization, fk_play) VALUES (92, 'Kanata', '2016', 'Robert Lepage, Ensemble', 4, '13', NULL);
INSERT INTO production (pk_production, label, "first show", notes, fk_producer, fk_organization, fk_play) VALUES (93, 'L''Ile d''or', '2020', 'Ariane Mnouchkine, Ensemble', 4, '13', NULL);
INSERT INTO production (pk_production, label, "first show", notes, fk_producer, fk_organization, fk_play) VALUES (94, '20th Century Blues', '2000', 'Christoph Marthaler, Anna Viebrock', 5, '47', NULL);
INSERT INTO production (pk_production, label, "first show", notes, fk_producer, fk_organization, fk_play) VALUES (95, 'Hotel Anxiety', '2000', 'Christoph Marthaler', 5, '40', NULL);
INSERT INTO production (pk_production, label, "first show", notes, fk_producer, fk_organization, fk_play) VALUES (96, 'Twelfth', '2001', NULL, 5, '40', '84');
INSERT INTO production (pk_production, label, "first show", notes, fk_producer, fk_organization, fk_play) VALUES (97, 'The Ten Commandments', '2001', 'Christoph Marthaler', 5, '41', NULL);
INSERT INTO production (pk_production, label, "first show", notes, fk_producer, fk_organization, fk_play) VALUES (98, 'Synchro', '2002', NULL, 5, '40', '85');
INSERT INTO production (pk_production, label, "first show", notes, fk_producer, fk_organization, fk_play) VALUES (99, 'In the Alps', '2002', NULL, 5, '42', '86');
INSERT INTO production (pk_production, label, "first show", notes, fk_producer, fk_organization, fk_play) VALUES (100, 'Danton''s Death', '2003', NULL, 5, '40', '87');
INSERT INTO production (pk_production, label, "first show", notes, fk_producer, fk_organization, fk_play) VALUES (101, 'Better not. A Thinning', '2003', 'Christoph Marthaler', 5, '41', NULL);
INSERT INTO production (pk_production, label, "first show", notes, fk_producer, fk_organization, fk_play) VALUES (102, 'T.D.C. A Replacement Passion', '2004', 'Christoph Marthaler', 5, '40', NULL);
INSERT INTO production (pk_production, label, "first show", notes, fk_producer, fk_organization, fk_play) VALUES (103, 'Shanties', '2004', 'Christoph Marthaler', 5, '43', NULL);
INSERT INTO production (pk_production, label, "first show", notes, fk_producer, fk_organization, fk_play) VALUES (104, 'The Fruit Fly', '2005', 'Christoph Marthaler', 5, '41', NULL);
INSERT INTO production (pk_production, label, "first show", notes, fk_producer, fk_organization, fk_play) VALUES (105, 'Winch Only', '2006', 'Christoph Marthaler', 5, '44', NULL);
INSERT INTO production (pk_production, label, "first show", notes, fk_producer, fk_organization, fk_play) VALUES (106, 'Tales from the Vienna Woods', '2006', NULL, 5, '41', '88');
INSERT INTO production (pk_production, label, "first show", notes, fk_producer, fk_organization, fk_play) VALUES (107, 'Maeterlinck', '2007', 'Christoph Marthaler', 5, '43', NULL);
INSERT INTO production (pk_production, label, "first show", notes, fk_producer, fk_organization, fk_play) VALUES (108, 'Papperlapapp', '2010', 'Olivier Cadiot and Christoph Marthaler', 5, '8', NULL);
INSERT INTO production (pk_production, label, "first show", notes, fk_producer, fk_organization, fk_play) VALUES (109, '0 A Subpolar Basecamp', '2011', NULL, 5, '45', '89');
INSERT INTO production (pk_production, label, "first show", notes, fk_producer, fk_organization, fk_play) VALUES (110, 'Faith Love Hope', '2012', NULL, 5, '41', '90');
INSERT INTO production (pk_production, label, "first show", notes, fk_producer, fk_organization, fk_play) VALUES (111, 'Master and Maragarita', '2000', NULL, 5, '49', '82');
INSERT INTO production (pk_production, label, "first show", notes, fk_producer, fk_organization, fk_play) VALUES (112, 'Hauser', '2003', 'Christoph Marthaler', 5, '40', NULL);
INSERT INTO production (pk_production, label, "first show", notes, fk_producer, fk_organization, fk_play) VALUES (113, 'Metamorphosis', '2012', NULL, 5, '40', '56');
INSERT INTO production (pk_production, label, "first show", notes, fk_producer, fk_organization, fk_play) VALUES (114, 'Endgame', '2004', NULL, 5, '41', '83');
INSERT INTO production (pk_production, label, "first show", notes, fk_producer, fk_organization, fk_play) VALUES (115, 'Universe, Incomplete', '2018', 'Charles Ives, Marthaler''s project', 5, '50', NULL);
INSERT INTO production (pk_production, label, "first show", notes, fk_producer, fk_organization, fk_play) VALUES (116, 'Twelfth Night', '2018', NULL, 5, '46', '84');
INSERT INTO production (pk_production, label, "first show", notes, fk_producer, fk_organization, fk_play) VALUES (117, 'Ivanov', '2017', NULL, 6, '56', '98');
INSERT INTO production (pk_production, label, "first show", notes, fk_producer, fk_organization, fk_play) VALUES (118, 'Boris Godunov', '2015', NULL, 6, '57', '100');
INSERT INTO production (pk_production, label, "first show", notes, fk_producer, fk_organization, fk_play) VALUES (119, 'Caligula', '2011', NULL, 6, '9', '99');
INSERT INTO production (pk_production, label, "first show", notes, fk_producer, fk_organization, fk_play) VALUES (120, 'Anna Karenina', '2008', NULL, 6, '54', '65');
INSERT INTO production (pk_production, label, "first show", notes, fk_producer, fk_organization, fk_play) VALUES (121, 'Cherry Orchard', '2003', NULL, 6, '55', '60');
INSERT INTO production (pk_production, label, "first show", notes, fk_producer, fk_organization, fk_play) VALUES (122, 'Ivanov', '2002', NULL, 6, '53', '98');
INSERT INTO production (pk_production, label, "first show", notes, fk_producer, fk_organization, fk_play) VALUES (123, 'Seagull', '2001', NULL, 6, '52', '77');
INSERT INTO production (pk_production, label, "first show", notes, fk_producer, fk_organization, fk_play) VALUES (124, 'Zinc (Zn)', '2017', NULL, 6, '51', '97');
INSERT INTO production (pk_production, label, "first show", notes, fk_producer, fk_organization, fk_play) VALUES (125, 'The Master of Hunger', '2015', NULL, 6, '51', '96');
INSERT INTO production (pk_production, label, "first show", notes, fk_producer, fk_organization, fk_play) VALUES (126, 'Book of Job', '2013', NULL, 6, '51', '95');
INSERT INTO production (pk_production, label, "first show", notes, fk_producer, fk_organization, fk_play) VALUES (127, 'Paradise', '2013', NULL, 6, '51', '94');
INSERT INTO production (pk_production, label, "first show", notes, fk_producer, fk_organization, fk_play) VALUES (128, 'Divine Comedy', '2012', NULL, 6, '51', '94');
INSERT INTO production (pk_production, label, "first show", notes, fk_producer, fk_organization, fk_play) VALUES (129, 'Idiot', '2009', NULL, 6, '51', '63');
INSERT INTO production (pk_production, label, "first show", notes, fk_producer, fk_organization, fk_play) VALUES (130, 'Faust', '2006', '', 6, '51', '93');
INSERT INTO production (pk_production, label, "first show", notes, fk_producer, fk_organization, fk_play) VALUES (131, 'Song of Songs', '2004', NULL, 6, '51', '92');
INSERT INTO production (pk_production, label, "first show", notes, fk_producer, fk_organization, fk_play) VALUES (132, 'Seasons', '2003', NULL, 6, '51', '91');
INSERT INTO production (pk_production, label, "first show", notes, fk_producer, fk_organization, fk_play) VALUES (133, 'Othello', '2001', NULL, 6, '51', '76');
INSERT INTO production (pk_production, label, "first show", notes, fk_producer, fk_organization, fk_play) VALUES (134, 'Fatherland', '2000', NULL, 7, '48', '101');
INSERT INTO production (pk_production, label, "first show", notes, fk_producer, fk_organization, fk_play) VALUES (135, 'A Streetcar Named Desire', '2000', NULL, 7, '46', '102');
INSERT INTO production (pk_production, label, "first show", notes, fk_producer, fk_organization, fk_play) VALUES (136, 'Elementary Particles', '2000', NULL, 7, '41', '103');
INSERT INTO production (pk_production, label, "first show", notes, fk_producer, fk_organization, fk_play) VALUES (137, 'Berlin Alexanderplatz', '2001', NULL, 7, '40', '104');
INSERT INTO production (pk_production, label, "first show", notes, fk_producer, fk_organization, fk_play) VALUES (138, 'The Insulted and Injured', '2001', NULL, 7, '60', '105');
INSERT INTO production (pk_production, label, "first show", notes, fk_producer, fk_organization, fk_play) VALUES (139, 'The Idiot', '2002', NULL, 7, '41', '63');
INSERT INTO production (pk_production, label, "first show", notes, fk_producer, fk_organization, fk_play) VALUES (140, 'Master and Margarita', '2002', NULL, 7, '41', '82');
INSERT INTO production (pk_production, label, "first show", notes, fk_producer, fk_organization, fk_play) VALUES (141, 'Mourning Becomes Electra', '2003', NULL, 7, '40', '106');
INSERT INTO production (pk_production, label, "first show", notes, fk_producer, fk_organization, fk_play) VALUES (142, 'Forever Young', '2003', NULL, 7, '41', '107');
INSERT INTO production (pk_production, label, "first show", notes, fk_producer, fk_organization, fk_play) VALUES (143, 'Cocaine', '2004', NULL, 7, '41', '108');
INSERT INTO production (pk_production, label, "first show", notes, fk_producer, fk_organization, fk_play) VALUES (144, 'Greed for Gold', '2004', NULL, 7, '41', '109');
INSERT INTO production (pk_production, label, "first show", notes, fk_producer, fk_organization, fk_play) VALUES (145, 'My Snow Queen', '2004', NULL, 7, '41', '110');
INSERT INTO production (pk_production, label, "first show", notes, fk_producer, fk_organization, fk_play) VALUES (146, 'Crime and Punishment', '2005', NULL, 7, '45', '111');
INSERT INTO production (pk_production, label, "first show", notes, fk_producer, fk_organization, fk_play) VALUES (147, 'In the Jungle of Cities', '2006', NULL, 7, '41', '112');
INSERT INTO production (pk_production, label, "first show", notes, fk_producer, fk_organization, fk_play) VALUES (148, 'Northwards', '2006', NULL, 7, '60', '113');
INSERT INTO production (pk_production, label, "first show", notes, fk_producer, fk_organization, fk_play) VALUES (149, 'Emil and the Detectives', '2007', NULL, 7, '41', '114');
INSERT INTO production (pk_production, label, "first show", notes, fk_producer, fk_organization, fk_play) VALUES (150, 'Away with You, America', '2008', NULL, 7, '41', '115');
INSERT INTO production (pk_production, label, "first show", notes, fk_producer, fk_organization, fk_play) VALUES (151, 'Action / Mausser', '2008', 'Bertolt Brecht/Heiner Muller', 7, '41', NULL);
INSERT INTO production (pk_production, label, "first show", notes, fk_producer, fk_organization, fk_play) VALUES (152, 'Faust', '2008', NULL, 7, '41', '93');
INSERT INTO production (pk_production, label, "first show", notes, fk_producer, fk_organization, fk_play) VALUES (153, 'Hamletmachine', '2008', NULL, 7, '41', '116');
INSERT INTO production (pk_production, label, "first show", notes, fk_producer, fk_organization, fk_play) VALUES (154, 'Hulla di Bulla or Amanullah Amanullah', '2009', 'Franz Arnold/Ernst Bach', 7, '41', NULL);
INSERT INTO production (pk_production, label, "first show", notes, fk_producer, fk_organization, fk_play) VALUES (155, 'Medea', '2009', NULL, 7, '41', '117');
INSERT INTO production (pk_production, label, "first show", notes, fk_producer, fk_organization, fk_play) VALUES (156, 'To Moscow! To Moscow!', '2010', NULL, 7, '60', '54');
INSERT INTO production (pk_production, label, "first show", notes, fk_producer, fk_organization, fk_play) VALUES (157, 'The Gambler', '2011', NULL, 7, '60', '118');
INSERT INTO production (pk_production, label, "first show", notes, fk_producer, fk_organization, fk_play) VALUES (158, 'Kazimir and Caroline', '2011', NULL, 7, '59', '119');
INSERT INTO production (pk_production, label, "first show", notes, fk_producer, fk_organization, fk_play) VALUES (159, 'The Lady with the Camellias', '2012', NULL, 7, '14', '120');
INSERT INTO production (pk_production, label, "first show", notes, fk_producer, fk_organization, fk_play) VALUES (160, 'Marquis of O…', '2012', NULL, 7, '41', '121');
INSERT INTO production (pk_production, label, "first show", notes, fk_producer, fk_organization, fk_play) VALUES (161, 'America', '2012', NULL, 7, '40', '122');
INSERT INTO production (pk_production, label, "first show", notes, fk_producer, fk_organization, fk_play) VALUES (162, 'The Miser', '2012', NULL, 7, '41', '123');
INSERT INTO production (pk_production, label, "first show", notes, fk_producer, fk_organization, fk_play) VALUES (163, 'The Hostess', '2012', NULL, 7, '41', '124');
INSERT INTO production (pk_production, label, "first show", notes, fk_producer, fk_organization, fk_play) VALUES (164, 'Duel', '2013', NULL, 7, '41', '125');
INSERT INTO production (pk_production, label, "first show", notes, fk_producer, fk_organization, fk_play) VALUES (165, 'Journey to the End of Night', '2013', NULL, 7, '59', '126');
INSERT INTO production (pk_production, label, "first show", notes, fk_producer, fk_organization, fk_play) VALUES (166, 'Richard III’s Coronation', '2014', NULL, 7, '58', '1');
INSERT INTO production (pk_production, label, "first show", notes, fk_producer, fk_organization, fk_play) VALUES (167, 'Faust', '2017', NULL, 7, '41', '93');
INSERT INTO production (pk_production, label, "first show", notes, fk_producer, fk_organization, fk_play) VALUES (168, 'Prince Myshkin', '2000', NULL, 8, '61', '63');
INSERT INTO production (pk_production, label, "first show", notes, fk_producer, fk_organization, fk_play) VALUES (169, 'The Celebration', '2001', NULL, 8, '61', '140');
INSERT INTO production (pk_production, label, "first show", notes, fk_producer, fk_organization, fk_play) VALUES (170, '4.48 Psychosis', '2002', NULL, 8, '61', '139');
INSERT INTO production (pk_production, label, "first show", notes, fk_producer, fk_organization, fk_play) VALUES (171, 'In the Jungle of Cities', '2003', NULL, 8, '63', '112');
INSERT INTO production (pk_production, label, "first show", notes, fk_producer, fk_organization, fk_play) VALUES (172, 'Take Everything', '2003', NULL, 8, '64', '138');
INSERT INTO production (pk_production, label, "first show", notes, fk_producer, fk_organization, fk_play) VALUES (173, 'Bash', '2004', NULL, 8, '64', '137');
INSERT INTO production (pk_production, label, "first show", notes, fk_producer, fk_organization, fk_play) VALUES (174, 'Macbeth', '2005', NULL, 8, '64', '81');
INSERT INTO production (pk_production, label, "first show", notes, fk_producer, fk_organization, fk_play) VALUES (175, 'Medea', '2006', 'Grzegorz Jarzyna', 8, '58', NULL);
INSERT INTO production (pk_production, label, "first show", notes, fk_producer, fk_organization, fk_play) VALUES (176, 'The Lion in Winter', '2007', NULL, 8, '58', '136');
INSERT INTO production (pk_production, label, "first show", notes, fk_producer, fk_organization, fk_play) VALUES (177, 'The Gambler', '2009', NULL, 8, '14', '118');
INSERT INTO production (pk_production, label, "first show", notes, fk_producer, fk_organization, fk_play) VALUES (178, 'T.E.O.R.E.M.A.T.', '2009', NULL, 8, '64', '135');
INSERT INTO production (pk_production, label, "first show", notes, fk_producer, fk_organization, fk_play) VALUES (179, 'No Matter How Hard We Try', '2009', NULL, 8, '64', '134');
INSERT INTO production (pk_production, label, "first show", notes, fk_producer, fk_organization, fk_play) VALUES (180, 'Areteia', '2010', NULL, 8, '64', '133');
INSERT INTO production (pk_production, label, "first show", notes, fk_producer, fk_organization, fk_play) VALUES (181, 'Phaedra', '2010', NULL, 8, '66', '132');
INSERT INTO production (pk_production, label, "first show", notes, fk_producer, fk_organization, fk_play) VALUES (182, 'Nosferatu', '2011', NULL, 8, '67', '131');
INSERT INTO production (pk_production, label, "first show", notes, fk_producer, fk_organization, fk_play) VALUES (183, 'The Second Woman', '2014', NULL, 8, '64', '130');
INSERT INTO production (pk_production, label, "first show", notes, fk_producer, fk_organization, fk_play) VALUES (184, 'Martyrs', '2015', NULL, 8, '64', '14');
INSERT INTO production (pk_production, label, "first show", notes, fk_producer, fk_organization, fk_play) VALUES (185, 'Other People', '2019', NULL, 8, '64', '129');
INSERT INTO production (pk_production, label, "first show", notes, fk_producer, fk_organization, fk_play) VALUES (186, 'The Tempest', '2020', NULL, 8, '64', '128');
INSERT INTO production (pk_production, label, "first show", notes, fk_producer, fk_organization, fk_play) VALUES (187, 'Hashirigaki', '2000', 'Heiner Goebbels', 9, NULL, NULL);
INSERT INTO production (pk_production, label, "first show", notes, fk_producer, fk_organization, fk_play) VALUES (188, 'Eraritjaritjaka — Museum of Phrases', '2004', 'Heiner Goebbels', 9, NULL, NULL);
INSERT INTO production (pk_production, label, "first show", notes, fk_producer, fk_organization, fk_play) VALUES (189, 'Stifter''s Dinge', '2007', 'Heiner Goebbels', 9, NULL, NULL);
INSERT INTO production (pk_production, label, "first show", notes, fk_producer, fk_organization, fk_play) VALUES (190, 'Everything that Happened and Would Happen', '2018', 'Heiner Goebbels', 9, NULL, NULL);
INSERT INTO production (pk_production, label, "first show", notes, fk_producer, fk_organization, fk_play) VALUES (191, 'The Mayfield', '2019', 'Heiner Goebbels', 9, NULL, NULL);
INSERT INTO production (pk_production, label, "first show", notes, fk_producer, fk_organization, fk_play) VALUES (192, 'Electre/Oreste', '2019', 'Electre/Oreste', 10, '19', '156');
INSERT INTO production (pk_production, label, "first show", notes, fk_producer, fk_organization, fk_play) VALUES (193, 'All About Eve', '2019', 'Based on the film by Joseph L. Mankiewicz', 10, '68', NULL);
INSERT INTO production (pk_production, label, "first show", notes, fk_producer, fk_organization, fk_play) VALUES (194, 'The Fountainhead', '2017', NULL, 10, '69', '155');
INSERT INTO production (pk_production, label, "first show", notes, fk_producer, fk_organization, fk_play) VALUES (195, 'Obsession', '2017', NULL, 10, '70', '154');
INSERT INTO production (pk_production, label, "first show", notes, fk_producer, fk_organization, fk_play) VALUES (196, 'Network', '2017', NULL, 10, '71', '153');
INSERT INTO production (pk_production, label, "first show", notes, fk_producer, fk_organization, fk_play) VALUES (197, 'Hedda Gabler', '2017', NULL, 10, '71', '143');
INSERT INTO production (pk_production, label, "first show", notes, fk_producer, fk_organization, fk_play) VALUES (198, 'Les Damnes', '2016', NULL, 10, '19', '152');
INSERT INTO production (pk_production, label, "first show", notes, fk_producer, fk_organization, fk_play) VALUES (199, 'Antigone', '2015', NULL, 10, '70', '151');
INSERT INTO production (pk_production, label, "first show", notes, fk_producer, fk_organization, fk_play) VALUES (200, 'A View from the Bridge', '2014', NULL, 10, '74', '150');
INSERT INTO production (pk_production, label, "first show", notes, fk_producer, fk_organization, fk_play) VALUES (201, 'Scenes from a Marriage', '2014', NULL, 10, '72', '149');
INSERT INTO production (pk_production, label, "first show", notes, fk_producer, fk_organization, fk_play) VALUES (202, 'Seltsames Intermezzo', '2013', NULL, 10, '42', '148');
INSERT INTO production (pk_production, label, "first show", notes, fk_producer, fk_organization, fk_play) VALUES (203, 'Edward II', '2011', NULL, 10, '63', '147');
INSERT INTO production (pk_production, label, "first show", notes, fk_producer, fk_organization, fk_play) VALUES (204, 'Ludwig II', '2011', '', 10, '42', '146');
INSERT INTO production (pk_production, label, "first show", notes, fk_producer, fk_organization, fk_play) VALUES (205, 'The Little Foxes', '2010', NULL, 10, '72', '145');
INSERT INTO production (pk_production, label, "first show", notes, fk_producer, fk_organization, fk_play) VALUES (206, 'The Misanthrope', '2010', NULL, 10, '63', '41');
INSERT INTO production (pk_production, label, "first show", notes, fk_producer, fk_organization, fk_play) VALUES (207, 'Kameliendame', '2008', NULL, 10, '48', '120');
INSERT INTO production (pk_production, label, "first show", notes, fk_producer, fk_organization, fk_play) VALUES (208, 'The Misanthrope', '2007', NULL, 10, '72', '41');
INSERT INTO production (pk_production, label, "first show", notes, fk_producer, fk_organization, fk_play) VALUES (209, 'The Miser', '2006', NULL, 10, '48', '123');
INSERT INTO production (pk_production, label, "first show", notes, fk_producer, fk_organization, fk_play) VALUES (210, 'Hedda Gabler', '2004', NULL, 10, '48', '143');
INSERT INTO production (pk_production, label, "first show", notes, fk_producer, fk_organization, fk_play) VALUES (211, 'Faces', '2005', NULL, 10, '48', '144');
INSERT INTO production (pk_production, label, "first show", notes, fk_producer, fk_organization, fk_play) VALUES (212, 'Mourning Becomes Electra', '2003', NULL, 10, '66', '106');
INSERT INTO production (pk_production, label, "first show", notes, fk_producer, fk_organization, fk_play) VALUES (213, 'The Norman Conquests', '2003', NULL, 10, '66', '142');
INSERT INTO production (pk_production, label, "first show", notes, fk_producer, fk_organization, fk_play) VALUES (214, 'Three Sisters', '2002', NULL, 10, '66', '54');
INSERT INTO production (pk_production, label, "first show", notes, fk_producer, fk_organization, fk_play) VALUES (215, 'Othello', '2002', NULL, 10, '66', '76');
INSERT INTO production (pk_production, label, "first show", notes, fk_producer, fk_organization, fk_play) VALUES (216, 'Carmen', '2002', NULL, 10, '66', '70');
INSERT INTO production (pk_production, label, "first show", notes, fk_producer, fk_organization, fk_play) VALUES (217, 'Alice in Bed', '2000', NULL, 10, '72', '141');
INSERT INTO production (pk_production, label, "first show", notes, fk_producer, fk_organization, fk_play) VALUES (218, 'As the World Needs a Soul of a Warrior', '2000', 'Jan Fabre', 11, '75', NULL);
INSERT INTO production (pk_production, label, "first show", notes, fk_producer, fk_organization, fk_play) VALUES (219, 'My Movements Are Only, Like the Dogs in the Streets', '2000', 'Jan Fabre', 11, '75', NULL);
INSERT INTO production (pk_production, label, "first show", notes, fk_producer, fk_organization, fk_play) VALUES (220, 'Je suis Sang', '2001', 'Jan Fabre', 11, '75', NULL);
INSERT INTO production (pk_production, label, "first show", notes, fk_producer, fk_organization, fk_play) VALUES (221, 'Swan Lake (Het Zwanenmeer)', '2002', 'Jan Fabre', 11, '75', NULL);
INSERT INTO production (pk_production, label, "first show", notes, fk_producer, fk_organization, fk_play) VALUES (222, 'Parrots and Guinea Pigs', '2002', 'Jan Fabre', 11, '75', NULL);
INSERT INTO production (pk_production, label, "first show", notes, fk_producer, fk_organization, fk_play) VALUES (223, 'I Suis Pel', '2003', 'Jan Fabre', 11, '75', NULL);
INSERT INTO production (pk_production, label, "first show", notes, fk_producer, fk_organization, fk_play) VALUES (224, 'Angel of Death', '2003', 'Jan Fabre', 11, '75', NULL);
INSERT INTO production (pk_production, label, "first show", notes, fk_producer, fk_organization, fk_play) VALUES (225, 'Tannhauser (Co-production)', '2004', 'Jan Fabre', 11, '75', NULL);
INSERT INTO production (pk_production, label, "first show", notes, fk_producer, fk_organization, fk_play) VALUES (226, 'Elle etait et elle est, mem', '2004', 'Jan Fabre', 11, '75', NULL);
INSERT INTO production (pk_production, label, "first show", notes, fk_producer, fk_organization, fk_play) VALUES (227, 'Ethan Donnes', '2004', 'Jan Fabre', 11, '75', NULL);
INSERT INTO production (pk_production, label, "first show", notes, fk_producer, fk_organization, fk_play) VALUES (228, 'When the Main Man is a Woman', '2004', 'Jan Fabre', 11, '75', NULL);
INSERT INTO production (pk_production, label, "first show", notes, fk_producer, fk_organization, fk_play) VALUES (229, 'Weeping Body (Pleurend Lichaam)', '2004', 'Jan Fabre', 11, '75', NULL);
INSERT INTO production (pk_production, label, "first show", notes, fk_producer, fk_organization, fk_play) VALUES (230, 'King of Plagiarism', '2005', 'Jan Fabre', 11, '75', NULL);
INSERT INTO production (pk_production, label, "first show", notes, fk_producer, fk_organization, fk_play) VALUES (231, 'The Story of Tears', '2005', 'Jan Fabre', 11, '75', NULL);
INSERT INTO production (pk_production, label, "first show", notes, fk_producer, fk_organization, fk_play) VALUES (232, 'I Am a Mistake', '2007', 'Jan Fabre', 11, '75', NULL);
INSERT INTO production (pk_production, label, "first show", notes, fk_producer, fk_organization, fk_play) VALUES (233, 'Requiem for Metamorphosis', '2007', 'Jan Fabre', 11, '75', NULL);
INSERT INTO production (pk_production, label, "first show", notes, fk_producer, fk_organization, fk_play) VALUES (234, 'Another Day in a Sleepy and Dusty Delta', '2008', 'Jan Fabre', 11, '75', NULL);
INSERT INTO production (pk_production, label, "first show", notes, fk_producer, fk_organization, fk_play) VALUES (235, 'The Orgy of Tolerance', '2009', 'Jan Fabre', 11, '75', NULL);
INSERT INTO production (pk_production, label, "first show", notes, fk_producer, fk_organization, fk_play) VALUES (236, 'The Servant of Beauty', '2010', 'Jan Fabre', 11, '75', NULL);
INSERT INTO production (pk_production, label, "first show", notes, fk_producer, fk_organization, fk_play) VALUES (237, 'Preparation of Mortis', '2010', 'Jan Fabre', 11, '75', NULL);
INSERT INTO production (pk_production, label, "first show", notes, fk_producer, fk_organization, fk_play) VALUES (238, 'Prometheus – Landscape II', '2011', 'Jan Fabre', 11, '75', NULL);
INSERT INTO production (pk_production, label, "first show", notes, fk_producer, fk_organization, fk_play) VALUES (239, 'Drugs Saved My Life', '2012', 'Jan Fabre', 11, '75', NULL);
INSERT INTO production (pk_production, label, "first show", notes, fk_producer, fk_organization, fk_play) VALUES (240, 'The Tragedy of Friendship', '2013', 'Jan Fabre', 11, '75', NULL);
INSERT INTO production (pk_production, label, "first show", notes, fk_producer, fk_organization, fk_play) VALUES (241, 'Present, Present, Present... (Pour mon Pere)', '2014', 'Jan Fabre', 11, '75', NULL);
INSERT INTO production (pk_production, label, "first show", notes, fk_producer, fk_organization, fk_play) VALUES (242, 'Mount Olympus. Glorify the Cult of Tragedy', '2015', 'Jan Fabre', 11, '75', NULL);
INSERT INTO production (pk_production, label, "first show", notes, fk_producer, fk_organization, fk_play) VALUES (243, 'Rules of Belgium', '2017', 'Jan Fabre', 11, '75', NULL);
INSERT INTO production (pk_production, label, "first show", notes, fk_producer, fk_organization, fk_play) VALUES (244, 'Dorcas'' Generosity', '2018', 'Jan Fabre', 11, '75', NULL);
INSERT INTO production (pk_production, label, "first show", notes, fk_producer, fk_organization, fk_play) VALUES (245, 'Night Writer – Italy', '2019', 'Jan Fabre', 11, '75', NULL);
INSERT INTO production (pk_production, label, "first show", notes, fk_producer, fk_organization, fk_play) VALUES (246, 'Resurrect Cassandra', '2019', 'Jan Fabre', 11, '75', NULL);
INSERT INTO production (pk_production, label, "first show", notes, fk_producer, fk_organization, fk_play) VALUES (247, 'Night Writer – Russia', '2019', 'Jan Fabre', 11, '75', NULL);
INSERT INTO production (pk_production, label, "first show", notes, fk_producer, fk_organization, fk_play) VALUES (248, 'Night Writer – Serbia (Nokni Pisak)', '2020', 'Jan Fabre', 11, '75', NULL);

COMMIT TRANSACTION;
PRAGMA foreign_keys = on;
